dataset_id,fold_id,subject_id,k,valid,num_present_classes,required_windows_per_class,insufficient_classes
hhar,loso_subject_0,0,0,True,6,1,{}
hhar,loso_subject_0,0,1,True,6,2,{}
hhar,loso_subject_0,0,2,True,6,3,{}
hhar,loso_subject_0,0,3,True,6,4,{}
hhar,loso_subject_0,0,4,True,6,5,{}
hhar,loso_subject_0,0,5,True,6,6,{}
hhar,loso_subject_0,0,6,True,6,7,{}
hhar,loso_subject_0,0,7,True,6,8,{}
hhar,loso_subject_0,0,8,True,6,9,{}
hhar,loso_subject_0,0,9,True,6,10,{}
hhar,loso_subject_0,0,10,True,6,11,{}
hhar,loso_subject_0,0,11,True,6,12,{}
hhar,loso_subject_0,0,12,True,6,13,{}
hhar,loso_subject_0,0,13,True,6,14,{}
hhar,loso_subject_0,0,14,True,6,15,{}
hhar,loso_subject_0,0,15,True,6,16,{}
hhar,loso_subject_0,0,16,True,6,17,{}
hhar,loso_subject_1,1,0,True,6,1,{}
hhar,loso_subject_1,1,1,True,6,2,{}
hhar,loso_subject_1,1,2,True,6,3,{}
hhar,loso_subject_1,1,3,True,6,4,{}
hhar,loso_subject_1,1,4,True,6,5,{}
hhar,loso_subject_1,1,5,True,6,6,{}
hhar,loso_subject_1,1,6,True,6,7,{}
hhar,loso_subject_1,1,7,True,6,8,{}
hhar,loso_subject_1,1,8,True,6,9,{}
hhar,loso_subject_1,1,9,True,6,10,{}
hhar,loso_subject_1,1,10,True,6,11,{}
hhar,loso_subject_1,1,11,True,6,12,{}
hhar,loso_subject_1,1,12,True,6,13,{}
hhar,loso_subject_1,1,13,True,6,14,{}
hhar,loso_subject_1,1,14,True,6,15,{}
hhar,loso_subject_1,1,15,True,6,16,{}
hhar,loso_subject_1,1,16,True,6,17,{}
hhar,loso_subject_2,2,0,True,6,1,{}
hhar,loso_subject_2,2,1,True,6,2,{}
hhar,loso_subject_2,2,2,True,6,3,{}
hhar,loso_subject_2,2,3,True,6,4,{}
hhar,loso_subject_2,2,4,True,6,5,{}
hhar,loso_subject_2,2,5,True,6,6,{}
hhar,loso_subject_2,2,6,True,6,7,{}
hhar,loso_subject_2,2,7,True,6,8,{}
hhar,loso_subject_2,2,8,True,6,9,{}
hhar,loso_subject_2,2,9,True,6,10,{}
hhar,loso_subject_2,2,10,True,6,11,{}
hhar,loso_subject_2,2,11,True,6,12,{}
hhar,loso_subject_2,2,12,True,6,13,{}
hhar,loso_subject_2,2,13,True,6,14,{}
hhar,loso_subject_2,2,14,True,6,15,{}
hhar,loso_subject_2,2,15,True,6,16,{}
hhar,loso_subject_2,2,16,True,6,17,{}
hhar,loso_subject_3,3,0,True,6,1,{}
hhar,loso_subject_3,3,1,True,6,2,{}
hhar,loso_subject_3,3,2,True,6,3,{}
hhar,loso_subject_3,3,3,True,6,4,{}
hhar,loso_subject_3,3,4,True,6,5,{}
hhar,loso_subject_3,3,5,True,6,6,{}
hhar,loso_subject_3,3,6,True,6,7,{}
hhar,loso_subject_3,3,7,True,6,8,{}
hhar,loso_subject_3,3,8,True,6,9,{}
hhar,loso_subject_3,3,9,True,6,10,{}
hhar,loso_subject_3,3,10,True,6,11,{}
hhar,loso_subject_3,3,11,True,6,12,{}
hhar,loso_subject_3,3,12,True,6,13,{}
hhar,loso_subject_3,3,13,True,6,14,{}
hhar,loso_subject_3,3,14,True,6,15,{}
hhar,loso_subject_3,3,15,True,6,16,{}
hhar,loso_subject_3,3,16,True,6,17,{}
hhar,loso_subject_4,4,0,True,6,1,{}
hhar,loso_subject_4,4,1,True,6,2,{}
hhar,loso_subject_4,4,2,True,6,3,{}
hhar,loso_subject_4,4,3,True,6,4,{}
hhar,loso_subject_4,4,4,True,6,5,{}
hhar,loso_subject_4,4,5,True,6,6,{}
hhar,loso_subject_4,4,6,True,6,7,{}
hhar,loso_subject_4,4,7,True,6,8,{}
hhar,loso_subject_4,4,8,True,6,9,{}
hhar,loso_subject_4,4,9,True,6,10,{}
hhar,loso_subject_4,4,10,True,6,11,{}
hhar,loso_subject_4,4,11,True,6,12,{}
hhar,loso_subject_4,4,12,True,6,13,{}
hhar,loso_subject_4,4,13,True,6,14,{}
hhar,loso_subject_4,4,14,True,6,15,{}
hhar,loso_subject_4,4,15,True,6,16,{}
hhar,loso_subject_4,4,16,True,6,17,{}
hhar,loso_subject_5,5,0,True,6,1,{}
hhar,loso_subject_5,5,1,True,6,2,{}
hhar,loso_subject_5,5,2,True,6,3,{}
hhar,loso_subject_5,5,3,True,6,4,{}
hhar,loso_subject_5,5,4,True,6,5,{}
hhar,loso_subject_5,5,5,True,6,6,{}
hhar,loso_subject_5,5,6,True,6,7,{}
hhar,loso_subject_5,5,7,True,6,8,{}
hhar,loso_subject_5,5,8,True,6,9,{}
hhar,loso_subject_5,5,9,True,6,10,{}
hhar,loso_subject_5,5,10,True,6,11,{}
hhar,loso_subject_5,5,11,True,6,12,{}
hhar,loso_subject_5,5,12,True,6,13,{}
hhar,loso_subject_5,5,13,True,6,14,{}
hhar,loso_subject_5,5,14,True,6,15,{}
hhar,loso_subject_5,5,15,True,6,16,{}
hhar,loso_subject_5,5,16,True,6,17,{}
hhar,loso_subject_6,6,0,True,6,1,{}
hhar,loso_subject_6,6,1,True,6,2,{}
hhar,loso_subject_6,6,2,True,6,3,{}
hhar,loso_subject_6,6,3,True,6,4,{}
hhar,loso_subject_6,6,4,True,6,5,{}
hhar,loso_subject_6,6,5,True,6,6,{}
hhar,loso_subject_6,6,6,True,6,7,{}
hhar,loso_subject_6,6,7,True,6,8,{}
hhar,loso_subject_6,6,8,True,6,9,{}
hhar,loso_subject_6,6,9,True,6,10,{}
hhar,loso_subject_6,6,10,True,6,11,{}
hhar,loso_subject_6,6,11,True,6,12,{}
hhar,loso_subject_6,6,12,True,6,13,{}
hhar,loso_subject_6,6,13,True,6,14,{}
hhar,loso_subject_6,6,14,True,6,15,{}
hhar,loso_subject_6,6,15,True,6,16,{}
hhar,loso_subject_6,6,16,True,6,17,{}
hhar,loso_subject_7,7,0,True,6,1,{}
hhar,loso_subject_7,7,1,True,6,2,{}
hhar,loso_subject_7,7,2,True,6,3,{}
hhar,loso_subject_7,7,3,True,6,4,{}
hhar,loso_subject_7,7,4,True,6,5,{}
hhar,loso_subject_7,7,5,True,6,6,{}
hhar,loso_subject_7,7,6,True,6,7,{}
hhar,loso_subject_7,7,7,True,6,8,{}
hhar,loso_subject_7,7,8,True,6,9,{}
hhar,loso_subject_7,7,9,True,6,10,{}
hhar,loso_subject_7,7,10,True,6,11,{}
hhar,loso_subject_7,7,11,True,6,12,{}
hhar,loso_subject_7,7,12,True,6,13,{}
hhar,loso_subject_7,7,13,True,6,14,{}
hhar,loso_subject_7,7,14,True,6,15,{}
hhar,loso_subject_7,7,15,True,6,16,{}
hhar,loso_subject_7,7,16,True,6,17,{}
hhar,loso_subject_8,8,0,True,6,1,{}
hhar,loso_subject_8,8,1,True,6,2,{}
hhar,loso_subject_8,8,2,True,6,3,{}
hhar,loso_subject_8,8,3,True,6,4,{}
hhar,loso_subject_8,8,4,True,6,5,{}
hhar,loso_subject_8,8,5,True,6,6,{}
hhar,loso_subject_8,8,6,True,6,7,{}
hhar,loso_subject_8,8,7,True,6,8,{}
hhar,loso_subject_8,8,8,True,6,9,{}
hhar,loso_subject_8,8,9,True,6,10,{}
hhar,loso_subject_8,8,10,True,6,11,{}
hhar,loso_subject_8,8,11,True,6,12,{}
hhar,loso_subject_8,8,12,True,6,13,{}
hhar,loso_subject_8,8,13,True,6,14,{}
hhar,loso_subject_8,8,14,True,6,15,{}
hhar,loso_subject_8,8,15,True,6,16,{}
hhar,loso_subject_8,8,16,True,6,17,{}
wear,loso_subject_0,0,0,True,18,1,{}
wear,loso_subject_0,0,1,True,18,2,{}
wear,loso_subject_0,0,2,True,18,3,{}
wear,loso_subject_0,0,3,True,18,4,{}
wear,loso_subject_0,0,4,True,18,5,{}
wear,loso_subject_0,0,5,True,18,6,{}
wear,loso_subject_0,0,6,True,18,7,{}
wear,loso_subject_0,0,7,True,18,8,{}
wear,loso_subject_0,0,8,True,18,9,{}
wear,loso_subject_0,0,9,True,18,10,{}
wear,loso_subject_0,0,10,True,18,11,{}
wear,loso_subject_0,0,11,True,18,12,{}
wear,loso_subject_0,0,12,True,18,13,{}
wear,loso_subject_0,0,13,True,18,14,{}
wear,loso_subject_0,0,14,True,18,15,{}
wear,loso_subject_0,0,15,True,18,16,{}
wear,loso_subject_0,0,16,True,18,17,{}
wear,loso_subject_1,1,0,True,18,1,{}
wear,loso_subject_1,1,1,True,18,2,{}
wear,loso_subject_1,1,2,True,18,3,{}
wear,loso_subject_1,1,3,True,18,4,{}
wear,loso_subject_1,1,4,True,18,5,{}
wear,loso_subject_1,1,5,True,18,6,{}
wear,loso_subject_1,1,6,True,18,7,{}
wear,loso_subject_1,1,7,True,18,8,{}
wear,loso_subject_1,1,8,True,18,9,{}
wear,loso_subject_1,1,9,True,18,10,{}
wear,loso_subject_1,1,10,True,18,11,{}
wear,loso_subject_1,1,11,True,18,12,{}
wear,loso_subject_1,1,12,True,18,13,{}
wear,loso_subject_1,1,13,True,18,14,{}
wear,loso_subject_1,1,14,True,18,15,{}
wear,loso_subject_1,1,15,True,18,16,{}
wear,loso_subject_1,1,16,True,18,17,{}
wear,loso_subject_2,2,0,True,17,1,{}
wear,loso_subject_2,2,1,True,17,2,{}
wear,loso_subject_2,2,2,True,17,3,{}
wear,loso_subject_2,2,3,True,17,4,{}
wear,loso_subject_2,2,4,True,17,5,{}
wear,loso_subject_2,2,5,True,17,6,{}
wear,loso_subject_2,2,6,True,17,7,{}
wear,loso_subject_2,2,7,True,17,8,{}
wear,loso_subject_2,2,8,True,17,9,{}
wear,loso_subject_2,2,9,True,17,10,{}
wear,loso_subject_2,2,10,True,17,11,{}
wear,loso_subject_2,2,11,True,17,12,{}
wear,loso_subject_2,2,12,True,17,13,{}
wear,loso_subject_2,2,13,True,17,14,{}
wear,loso_subject_2,2,14,True,17,15,{}
wear,loso_subject_2,2,15,True,17,16,{}
wear,loso_subject_2,2,16,True,17,17,{}
wear,loso_subject_3,3,0,True,18,1,{}
wear,loso_subject_3,3,1,True,18,2,{}
wear,loso_subject_3,3,2,True,18,3,{}
wear,loso_subject_3,3,3,True,18,4,{}
wear,loso_subject_3,3,4,True,18,5,{}
wear,loso_subject_3,3,5,True,18,6,{}
wear,loso_subject_3,3,6,True,18,7,{}
wear,loso_subject_3,3,7,True,18,8,{}
wear,loso_subject_3,3,8,True,18,9,{}
wear,loso_subject_3,3,9,True,18,10,{}
wear,loso_subject_3,3,10,True,18,11,{}
wear,loso_subject_3,3,11,True,18,12,{}
wear,loso_subject_3,3,12,True,18,13,{}
wear,loso_subject_3,3,13,True,18,14,{}
wear,loso_subject_3,3,14,True,18,15,{}
wear,loso_subject_3,3,15,True,18,16,{}
wear,loso_subject_3,3,16,True,18,17,{}
wear,loso_subject_4,4,0,True,18,1,{}
wear,loso_subject_4,4,1,True,18,2,{}
wear,loso_subject_4,4,2,True,18,3,{}
wear,loso_subject_4,4,3,True,18,4,{}
wear,loso_subject_4,4,4,True,18,5,{}
wear,loso_subject_4,4,5,True,18,6,{}
wear,loso_subject_4,4,6,True,18,7,{}
wear,loso_subject_4,4,7,True,18,8,{}
wear,loso_subject_4,4,8,True,18,9,{}
wear,loso_subject_4,4,9,True,18,10,{}
wear,loso_subject_4,4,10,True,18,11,{}
wear,loso_subject_4,4,11,True,18,12,{}
wear,loso_subject_4,4,12,True,18,13,{}
wear,loso_subject_4,4,13,True,18,14,{}
wear,loso_subject_4,4,14,True,18,15,{}
wear,loso_subject_4,4,15,True,18,16,{}
wear,loso_subject_4,4,16,True,18,17,{}
wear,loso_subject_5,5,0,True,18,1,{}
wear,loso_subject_5,5,1,True,18,2,{}
wear,loso_subject_5,5,2,True,18,3,{}
wear,loso_subject_5,5,3,True,18,4,{}
wear,loso_subject_5,5,4,True,18,5,{}
wear,loso_subject_5,5,5,True,18,6,{}
wear,loso_subject_5,5,6,True,18,7,{}
wear,loso_subject_5,5,7,True,18,8,{}
wear,loso_subject_5,5,8,True,18,9,{}
wear,loso_subject_5,5,9,True,18,10,{}
wear,loso_subject_5,5,10,True,18,11,{}
wear,loso_subject_5,5,11,True,18,12,{}
wear,loso_subject_5,5,12,True,18,13,{}
wear,loso_subject_5,5,13,True,18,14,{}
wear,loso_subject_5,5,14,True,18,15,{}
wear,loso_subject_5,5,15,True,18,16,{}
wear,loso_subject_5,5,16,True,18,17,{}
wear,loso_subject_6,6,0,True,18,1,{}
wear,loso_subject_6,6,1,True,18,2,{}
wear,loso_subject_6,6,2,True,18,3,{}
wear,loso_subject_6,6,3,True,18,4,{}
wear,loso_subject_6,6,4,True,18,5,{}
wear,loso_subject_6,6,5,True,18,6,{}
wear,loso_subject_6,6,6,True,18,7,{}
wear,loso_subject_6,6,7,True,18,8,{}
wear,loso_subject_6,6,8,True,18,9,{}
wear,loso_subject_6,6,9,True,18,10,{}
wear,loso_subject_6,6,10,True,18,11,{}
wear,loso_subject_6,6,11,True,18,12,{}
wear,loso_subject_6,6,12,True,18,13,{}
wear,loso_subject_6,6,13,True,18,14,{}
wear,loso_subject_6,6,14,True,18,15,{}
wear,loso_subject_6,6,15,True,18,16,{}
wear,loso_subject_6,6,16,True,18,17,{}
wear,loso_subject_7,7,0,True,18,1,{}
wear,loso_subject_7,7,1,True,18,2,{}
wear,loso_subject_7,7,2,True,18,3,{}
wear,loso_subject_7,7,3,True,18,4,{}
wear,loso_subject_7,7,4,True,18,5,{}
wear,loso_subject_7,7,5,True,18,6,{}
wear,loso_subject_7,7,6,True,18,7,{}
wear,loso_subject_7,7,7,True,18,8,{}
wear,loso_subject_7,7,8,True,18,9,{}
wear,loso_subject_7,7,9,True,18,10,{}
wear,loso_subject_7,7,10,True,18,11,{}
wear,loso_subject_7,7,11,True,18,12,{}
wear,loso_subject_7,7,12,True,18,13,{}
wear,loso_subject_7,7,13,True,18,14,{}
wear,loso_subject_7,7,14,True,18,15,{}
wear,loso_subject_7,7,15,True,18,16,{}
wear,loso_subject_7,7,16,True,18,17,{}
wear,loso_subject_8,8,0,True,18,1,{}
wear,loso_subject_8,8,1,True,18,2,{}
wear,loso_subject_8,8,2,True,18,3,{}
wear,loso_subject_8,8,3,True,18,4,{}
wear,loso_subject_8,8,4,True,18,5,{}
wear,loso_subject_8,8,5,True,18,6,{}
wear,loso_subject_8,8,6,True,18,7,{}
wear,loso_subject_8,8,7,True,18,8,{}
wear,loso_subject_8,8,8,True,18,9,{}
wear,loso_subject_8,8,9,True,18,10,{}
wear,loso_subject_8,8,10,True,18,11,{}
wear,loso_subject_8,8,11,True,18,12,{}
wear,loso_subject_8,8,12,True,18,13,{}
wear,loso_subject_8,8,13,True,18,14,{}
wear,loso_subject_8,8,14,True,18,15,{}
wear,loso_subject_8,8,15,True,18,16,{}
wear,loso_subject_8,8,16,True,18,17,{}
wear,loso_subject_9,9,0,True,18,1,{}
wear,loso_subject_9,9,1,True,18,2,{}
wear,loso_subject_9,9,2,True,18,3,{}
wear,loso_subject_9,9,3,True,18,4,{}
wear,loso_subject_9,9,4,True,18,5,{}
wear,loso_subject_9,9,5,True,18,6,{}
wear,loso_subject_9,9,6,True,18,7,{}
wear,loso_subject_9,9,7,True,18,8,{}
wear,loso_subject_9,9,8,True,18,9,{}
wear,loso_subject_9,9,9,True,18,10,{}
wear,loso_subject_9,9,10,True,18,11,{}
wear,loso_subject_9,9,11,True,18,12,{}
wear,loso_subject_9,9,12,True,18,13,{}
wear,loso_subject_9,9,13,True,18,14,{}
wear,loso_subject_9,9,14,True,18,15,{}
wear,loso_subject_9,9,15,True,18,16,{}
wear,loso_subject_9,9,16,True,18,17,{}
wear,loso_subject_10,10,0,True,12,1,{}
wear,loso_subject_10,10,1,True,12,2,{}
wear,loso_subject_10,10,2,True,12,3,{}
wear,loso_subject_10,10,3,True,12,4,{}
wear,loso_subject_10,10,4,True,12,5,{}
wear,loso_subject_10,10,5,True,12,6,{}
wear,loso_subject_10,10,6,True,12,7,{}
wear,loso_subject_10,10,7,True,12,8,{}
wear,loso_subject_10,10,8,True,12,9,{}
wear,loso_subject_10,10,9,True,12,10,{}
wear,loso_subject_10,10,10,True,12,11,{}
wear,loso_subject_10,10,11,True,12,12,{}
wear,loso_subject_10,10,12,True,12,13,{}
wear,loso_subject_10,10,13,True,12,14,{}
wear,loso_subject_10,10,14,True,12,15,{}
wear,loso_subject_10,10,15,False,12,16,"{""1"": {""available_windows"": 15, ""name"": ""Burpees""}}"
wear,loso_subject_10,10,16,False,12,17,"{""1"": {""available_windows"": 15, ""name"": ""Burpees""}}"
wear,loso_subject_11,11,0,True,18,1,{}
wear,loso_subject_11,11,1,True,18,2,{}
wear,loso_subject_11,11,2,True,18,3,{}
wear,loso_subject_11,11,3,True,18,4,{}
wear,loso_subject_11,11,4,True,18,5,{}
wear,loso_subject_11,11,5,True,18,6,{}
wear,loso_subject_11,11,6,True,18,7,{}
wear,loso_subject_11,11,7,True,18,8,{}
wear,loso_subject_11,11,8,True,18,9,{}
wear,loso_subject_11,11,9,True,18,10,{}
wear,loso_subject_11,11,10,True,18,11,{}
wear,loso_subject_11,11,11,True,18,12,{}
wear,loso_subject_11,11,12,True,18,13,{}
wear,loso_subject_11,11,13,True,18,14,{}
wear,loso_subject_11,11,14,True,18,15,{}
wear,loso_subject_11,11,15,True,18,16,{}
wear,loso_subject_11,11,16,True,18,17,{}
wear,loso_subject_12,12,0,True,18,1,{}
wear,loso_subject_12,12,1,True,18,2,{}
wear,loso_subject_12,12,2,True,18,3,{}
wear,loso_subject_12,12,3,True,18,4,{}
wear,loso_subject_12,12,4,True,18,5,{}
wear,loso_subject_12,12,5,True,18,6,{}
wear,loso_subject_12,12,6,True,18,7,{}
wear,loso_subject_12,12,7,True,18,8,{}
wear,loso_subject_12,12,8,True,18,9,{}
wear,loso_subject_12,12,9,True,18,10,{}
wear,loso_subject_12,12,10,True,18,11,{}
wear,loso_subject_12,12,11,True,18,12,{}
wear,loso_subject_12,12,12,True,18,13,{}
wear,loso_subject_12,12,13,True,18,14,{}
wear,loso_subject_12,12,14,True,18,15,{}
wear,loso_subject_12,12,15,True,18,16,{}
wear,loso_subject_12,12,16,True,18,17,{}
wear,loso_subject_13,13,0,True,18,1,{}
wear,loso_subject_13,13,1,True,18,2,{}
wear,loso_subject_13,13,2,True,18,3,{}
wear,loso_subject_13,13,3,True,18,4,{}
wear,loso_subject_13,13,4,True,18,5,{}
wear,loso_subject_13,13,5,True,18,6,{}
wear,loso_subject_13,13,6,True,18,7,{}
wear,loso_subject_13,13,7,True,18,8,{}
wear,loso_subject_13,13,8,True,18,9,{}
wear,loso_subject_13,13,9,True,18,10,{}
wear,loso_subject_13,13,10,True,18,11,{}
wear,loso_subject_13,13,11,True,18,12,{}
wear,loso_subject_13,13,12,True,18,13,{}
wear,loso_subject_13,13,13,True,18,14,{}
wear,loso_subject_13,13,14,True,18,15,{}
wear,loso_subject_13,13,15,True,18,16,{}
wear,loso_subject_13,13,16,True,18,17,{}
wear,loso_subject_14,14,0,True,18,1,{}
wear,loso_subject_14,14,1,True,18,2,{}
wear,loso_subject_14,14,2,True,18,3,{}
wear,loso_subject_14,14,3,True,18,4,{}
wear,loso_subject_14,14,4,True,18,5,{}
wear,loso_subject_14,14,5,True,18,6,{}
wear,loso_subject_14,14,6,True,18,7,{}
wear,loso_subject_14,14,7,True,18,8,{}
wear,loso_subject_14,14,8,True,18,9,{}
wear,loso_subject_14,14,9,True,18,10,{}
wear,loso_subject_14,14,10,True,18,11,{}
wear,loso_subject_14,14,11,True,18,12,{}
wear,loso_subject_14,14,12,True,18,13,{}
wear,loso_subject_14,14,13,True,18,14,{}
wear,loso_subject_14,14,14,True,18,15,{}
wear,loso_subject_14,14,15,True,18,16,{}
wear,loso_subject_14,14,16,True,18,17,{}
wear,loso_subject_15,15,0,True,18,1,{}
wear,loso_subject_15,15,1,True,18,2,{}
wear,loso_subject_15,15,2,True,18,3,{}
wear,loso_subject_15,15,3,True,18,4,{}
wear,loso_subject_15,15,4,True,18,5,{}
wear,loso_subject_15,15,5,True,18,6,{}
wear,loso_subject_15,15,6,True,18,7,{}
wear,loso_subject_15,15,7,True,18,8,{}
wear,loso_subject_15,15,8,True,18,9,{}
wear,loso_subject_15,15,9,True,18,10,{}
wear,loso_subject_15,15,10,True,18,11,{}
wear,loso_subject_15,15,11,True,18,12,{}
wear,loso_subject_15,15,12,True,18,13,{}
wear,loso_subject_15,15,13,True,18,14,{}
wear,loso_subject_15,15,14,True,18,15,{}
wear,loso_subject_15,15,15,True,18,16,{}
wear,loso_subject_15,15,16,True,18,17,{}
wear,loso_subject_16,16,0,True,18,1,{}
wear,loso_subject_16,16,1,True,18,2,{}
wear,loso_subject_16,16,2,True,18,3,{}
wear,loso_subject_16,16,3,True,18,4,{}
wear,loso_subject_16,16,4,True,18,5,{}
wear,loso_subject_16,16,5,True,18,6,{}
wear,loso_subject_16,16,6,True,18,7,{}
wear,loso_subject_16,16,7,True,18,8,{}
wear,loso_subject_16,16,8,True,18,9,{}
wear,loso_subject_16,16,9,True,18,10,{}
wear,loso_subject_16,16,10,True,18,11,{}
wear,loso_subject_16,16,11,True,18,12,{}
wear,loso_subject_16,16,12,True,18,13,{}
wear,loso_subject_16,16,13,True,18,14,{}
wear,loso_subject_16,16,14,True,18,15,{}
wear,loso_subject_16,16,15,True,18,16,{}
wear,loso_subject_16,16,16,True,18,17,{}
wear,loso_subject_17,17,0,True,18,1,{}
wear,loso_subject_17,17,1,True,18,2,{}
wear,loso_subject_17,17,2,True,18,3,{}
wear,loso_subject_17,17,3,True,18,4,{}
wear,loso_subject_17,17,4,True,18,5,{}
wear,loso_subject_17,17,5,True,18,6,{}
wear,loso_subject_17,17,6,True,18,7,{}
wear,loso_subject_17,17,7,True,18,8,{}
wear,loso_subject_17,17,8,True,18,9,{}
wear,loso_subject_17,17,9,True,18,10,{}
wear,loso_subject_17,17,10,True,18,11,{}
wear,loso_subject_17,17,11,True,18,12,{}
wear,loso_subject_17,17,12,True,18,13,{}
wear,loso_subject_17,17,13,True,18,14,{}
wear,loso_subject_17,17,14,True,18,15,{}
wear,loso_subject_17,17,15,True,18,16,{}
wear,loso_subject_17,17,16,True,18,17,{}
wear,loso_subject_18,18,0,True,18,1,{}
wear,loso_subject_18,18,1,True,18,2,{}
wear,loso_subject_18,18,2,True,18,3,{}
wear,loso_subject_18,18,3,True,18,4,{}
wear,loso_subject_18,18,4,True,18,5,{}
wear,loso_subject_18,18,5,True,18,6,{}
wear,loso_subject_18,18,6,True,18,7,{}
wear,loso_subject_18,18,7,True,18,8,{}
wear,loso_subject_18,18,8,True,18,9,{}
wear,loso_subject_18,18,9,True,18,10,{}
wear,loso_subject_18,18,10,True,18,11,{}
wear,loso_subject_18,18,11,True,18,12,{}
wear,loso_subject_18,18,12,True,18,13,{}
wear,loso_subject_18,18,13,True,18,14,{}
wear,loso_subject_18,18,14,True,18,15,{}
wear,loso_subject_18,18,15,True,18,16,{}
wear,loso_subject_18,18,16,True,18,17,{}
wear,loso_subject_19,19,0,True,18,1,{}
wear,loso_subject_19,19,1,True,18,2,{}
wear,loso_subject_19,19,2,True,18,3,{}
wear,loso_subject_19,19,3,True,18,4,{}
wear,loso_subject_19,19,4,True,18,5,{}
wear,loso_subject_19,19,5,True,18,6,{}
wear,loso_subject_19,19,6,True,18,7,{}
wear,loso_subject_19,19,7,True,18,8,{}
wear,loso_subject_19,19,8,True,18,9,{}
wear,loso_subject_19,19,9,True,18,10,{}
wear,loso_subject_19,19,10,True,18,11,{}
wear,loso_subject_19,19,11,True,18,12,{}
wear,loso_subject_19,19,12,True,18,13,{}
wear,loso_subject_19,19,13,True,18,14,{}
wear,loso_subject_19,19,14,True,18,15,{}
wear,loso_subject_19,19,15,True,18,16,{}
wear,loso_subject_19,19,16,True,18,17,{}
wear,loso_subject_20,20,0,True,18,1,{}
wear,loso_subject_20,20,1,True,18,2,{}
wear,loso_subject_20,20,2,True,18,3,{}
wear,loso_subject_20,20,3,True,18,4,{}
wear,loso_subject_20,20,4,True,18,5,{}
wear,loso_subject_20,20,5,True,18,6,{}
wear,loso_subject_20,20,6,True,18,7,{}
wear,loso_subject_20,20,7,True,18,8,{}
wear,loso_subject_20,20,8,True,18,9,{}
wear,loso_subject_20,20,9,True,18,10,{}
wear,loso_subject_20,20,10,True,18,11,{}
wear,loso_subject_20,20,11,True,18,12,{}
wear,loso_subject_20,20,12,True,18,13,{}
wear,loso_subject_20,20,13,True,18,14,{}
wear,loso_subject_20,20,14,True,18,15,{}
wear,loso_subject_20,20,15,True,18,16,{}
wear,loso_subject_20,20,16,True,18,17,{}
wear,loso_subject_21,21,0,True,18,1,{}
wear,loso_subject_21,21,1,True,18,2,{}
wear,loso_subject_21,21,2,True,18,3,{}
wear,loso_subject_21,21,3,True,18,4,{}
wear,loso_subject_21,21,4,True,18,5,{}
wear,loso_subject_21,21,5,True,18,6,{}
wear,loso_subject_21,21,6,True,18,7,{}
wear,loso_subject_21,21,7,True,18,8,{}
wear,loso_subject_21,21,8,True,18,9,{}
wear,loso_subject_21,21,9,True,18,10,{}
wear,loso_subject_21,21,10,True,18,11,{}
wear,loso_subject_21,21,11,True,18,12,{}
wear,loso_subject_21,21,12,True,18,13,{}
wear,loso_subject_21,21,13,True,18,14,{}
wear,loso_subject_21,21,14,True,18,15,{}
wear,loso_subject_21,21,15,True,18,16,{}
wear,loso_subject_21,21,16,True,18,17,{}
wear,loso_subject_22,22,0,True,18,1,{}
wear,loso_subject_22,22,1,True,18,2,{}
wear,loso_subject_22,22,2,True,18,3,{}
wear,loso_subject_22,22,3,True,18,4,{}
wear,loso_subject_22,22,4,True,18,5,{}
wear,loso_subject_22,22,5,True,18,6,{}
wear,loso_subject_22,22,6,True,18,7,{}
wear,loso_subject_22,22,7,True,18,8,{}
wear,loso_subject_22,22,8,True,18,9,{}
wear,loso_subject_22,22,9,True,18,10,{}
wear,loso_subject_22,22,10,True,18,11,{}
wear,loso_subject_22,22,11,True,18,12,{}
wear,loso_subject_22,22,12,True,18,13,{}
wear,loso_subject_22,22,13,True,18,14,{}
wear,loso_subject_22,22,14,True,18,15,{}
wear,loso_subject_22,22,15,True,18,16,{}
wear,loso_subject_22,22,16,True,18,17,{}
wear,loso_subject_23,23,0,True,18,1,{}
wear,loso_subject_23,23,1,True,18,2,{}
wear,loso_subject_23,23,2,True,18,3,{}
wear,loso_subject_23,23,3,True,18,4,{}
wear,loso_subject_23,23,4,True,18,5,{}
wear,loso_subject_23,23,5,True,18,6,{}
wear,loso_subject_23,23,6,True,18,7,{}
wear,loso_subject_23,23,7,True,18,8,{}
wear,loso_subject_23,23,8,True,18,9,{}
wear,loso_subject_23,23,9,True,18,10,{}
wear,loso_subject_23,23,10,True,18,11,{}
wear,loso_subject_23,23,11,True,18,12,{}
wear,loso_subject_23,23,12,True,18,13,{}
wear,loso_subject_23,23,13,True,18,14,{}
wear,loso_subject_23,23,14,True,18,15,{}
wear,loso_subject_23,23,15,True,18,16,{}
wear,loso_subject_23,23,16,True,18,17,{}
harth,loso_subject_0,0,0,True,10,1,{}
harth,loso_subject_0,0,1,True,10,2,{}
harth,loso_subject_0,0,2,False,10,3,"{""4"": {""available_windows"": 2, ""name"": ""Stairs Descending""}}"
harth,loso_subject_0,0,3,False,10,4,"{""4"": {""available_windows"": 2, ""name"": ""Stairs Descending""}, ""5"": {""available_windows"": 3, ""name"": ""Standing""}}"
harth,loso_subject_0,0,4,False,10,5,"{""2"": {""available_windows"": 4, ""name"": ""Shuffling""}, ""4"": {""available_windows"": 2, ""name"": ""Stairs Descending""}, ""5"": {""available_windows"": 3, ""name"": ""Standing""}}"
harth,loso_subject_0,0,5,False,10,6,"{""2"": {""available_windows"": 4, ""name"": ""Shuffling""}, ""4"": {""available_windows"": 2, ""name"": ""Stairs Descending""}, ""5"": {""available_windows"": 3, ""name"": ""Standing""}}"
harth,loso_subject_0,0,6,False,10,7,"{""2"": {""available_windows"": 4, ""name"": ""Shuffling""}, ""4"": {""available_windows"": 2, ""name"": ""Stairs Descending""}, ""5"": {""available_windows"": 3, ""name"": ""Standing""}}"
harth,loso_subject_0,0,7,False,10,8,"{""2"": {""available_windows"": 4, ""name"": ""Shuffling""}, ""4"": {""available_windows"": 2, ""name"": ""Stairs Descending""}, ""5"": {""available_windows"": 3, ""name"": ""Standing""}}"
harth,loso_subject_0,0,8,False,10,9,"{""2"": {""available_windows"": 4, ""name"": ""Shuffling""}, ""4"": {""available_windows"": 2, ""name"": ""Stairs Descending""}, ""5"": {""available_windows"": 3, ""name"": ""Standing""}, ""9"": {""available_windows"": 8, ""name"": ""Cycling Stand""}}"
harth,loso_subject_0,0,9,False,10,10,"{""2"": {""available_windows"": 4, ""name"": ""Shuffling""}, ""4"": {""available_windows"": 2, ""name"": ""Stairs Descending""}, ""5"": {""available_windows"": 3, ""name"": ""Standing""}, ""9"": {""available_windows"": 8, ""name"": ""Cycling Stand""}}"
harth,loso_subject_0,0,10,False,10,11,"{""2"": {""available_windows"": 4, ""name"": ""Shuffling""}, ""4"": {""available_windows"": 2, ""name"": ""Stairs Descending""}, ""5"": {""available_windows"": 3, ""name"": ""Standing""}, ""9"": {""available_windows"": 8, ""name"": ""Cycling Stand""}}"
harth,loso_subject_0,0,11,False,10,12,"{""2"": {""available_windows"": 4, ""name"": ""Shuffling""}, ""4"": {""available_windows"": 2, ""name"": ""Stairs Descending""}, ""5"": {""available_windows"": 3, ""name"": ""Standing""}, ""9"": {""available_windows"": 8, ""name"": ""Cycling Stand""}}"
harth,loso_subject_0,0,12,False,10,13,"{""2"": {""available_windows"": 4, ""name"": ""Shuffling""}, ""4"": {""available_windows"": 2, ""name"": ""Stairs Descending""}, ""5"": {""available_windows"": 3, ""name"": ""Standing""}, ""9"": {""available_windows"": 8, ""name"": ""Cycling Stand""}}"
harth,loso_subject_0,0,13,False,10,14,"{""2"": {""available_windows"": 4, ""name"": ""Shuffling""}, ""4"": {""available_windows"": 2, ""name"": ""Stairs Descending""}, ""5"": {""available_windows"": 3, ""name"": ""Standing""}, ""9"": {""available_windows"": 8, ""name"": ""Cycling Stand""}}"
harth,loso_subject_0,0,14,False,10,15,"{""2"": {""available_windows"": 4, ""name"": ""Shuffling""}, ""4"": {""available_windows"": 2, ""name"": ""Stairs Descending""}, ""5"": {""available_windows"": 3, ""name"": ""Standing""}, ""9"": {""available_windows"": 8, ""name"": ""Cycling Stand""}}"
harth,loso_subject_0,0,15,False,10,16,"{""2"": {""available_windows"": 4, ""name"": ""Shuffling""}, ""4"": {""available_windows"": 2, ""name"": ""Stairs Descending""}, ""5"": {""available_windows"": 3, ""name"": ""Standing""}, ""9"": {""available_windows"": 8, ""name"": ""Cycling Stand""}}"
harth,loso_subject_0,0,16,False,10,17,"{""2"": {""available_windows"": 4, ""name"": ""Shuffling""}, ""4"": {""available_windows"": 2, ""name"": ""Stairs Descending""}, ""5"": {""available_windows"": 3, ""name"": ""Standing""}, ""9"": {""available_windows"": 8, ""name"": ""Cycling Stand""}}"
harth,loso_subject_1,1,0,True,10,1,{}
harth,loso_subject_1,1,1,False,10,2,"{""7"": {""available_windows"": 1, ""name"": ""Lying""}}"
harth,loso_subject_1,1,2,False,10,3,"{""7"": {""available_windows"": 1, ""name"": ""Lying""}}"
harth,loso_subject_1,1,3,False,10,4,"{""7"": {""available_windows"": 1, ""name"": ""Lying""}}"
harth,loso_subject_1,1,4,False,10,5,"{""10"": {""available_windows"": 4, ""name"": ""Cycling Sit Inactive""}, ""4"": {""available_windows"": 4, ""name"": ""Stairs Descending""}, ""5"": {""available_windows"": 4, ""name"": ""Standing""}, ""7"": {""available_windows"": 1, ""name"": ""Lying""}, ""9"": {""available_windows"": 4, ""name"": ""Cycling Stand""}}"
harth,loso_subject_1,1,5,False,10,6,"{""10"": {""available_windows"": 4, ""name"": ""Cycling Sit Inactive""}, ""4"": {""available_windows"": 4, ""name"": ""Stairs Descending""}, ""5"": {""available_windows"": 4, ""name"": ""Standing""}, ""7"": {""available_windows"": 1, ""name"": ""Lying""}, ""9"": {""available_windows"": 4, ""name"": ""Cycling Stand""}}"
harth,loso_subject_1,1,6,False,10,7,"{""10"": {""available_windows"": 4, ""name"": ""Cycling Sit Inactive""}, ""4"": {""available_windows"": 4, ""name"": ""Stairs Descending""}, ""5"": {""available_windows"": 4, ""name"": ""Standing""}, ""7"": {""available_windows"": 1, ""name"": ""Lying""}, ""9"": {""available_windows"": 4, ""name"": ""Cycling Stand""}}"
harth,loso_subject_1,1,7,False,10,8,"{""10"": {""available_windows"": 4, ""name"": ""Cycling Sit Inactive""}, ""4"": {""available_windows"": 4, ""name"": ""Stairs Descending""}, ""5"": {""available_windows"": 4, ""name"": ""Standing""}, ""7"": {""available_windows"": 1, ""name"": ""Lying""}, ""9"": {""available_windows"": 4, ""name"": ""Cycling Stand""}}"
harth,loso_subject_1,1,8,False,10,9,"{""10"": {""available_windows"": 4, ""name"": ""Cycling Sit Inactive""}, ""4"": {""available_windows"": 4, ""name"": ""Stairs Descending""}, ""5"": {""available_windows"": 4, ""name"": ""Standing""}, ""7"": {""available_windows"": 1, ""name"": ""Lying""}, ""9"": {""available_windows"": 4, ""name"": ""Cycling Stand""}}"
harth,loso_subject_1,1,9,False,10,10,"{""10"": {""available_windows"": 4, ""name"": ""Cycling Sit Inactive""}, ""4"": {""available_windows"": 4, ""name"": ""Stairs Descending""}, ""5"": {""available_windows"": 4, ""name"": ""Standing""}, ""7"": {""available_windows"": 1, ""name"": ""Lying""}, ""9"": {""available_windows"": 4, ""name"": ""Cycling Stand""}}"
harth,loso_subject_1,1,10,False,10,11,"{""10"": {""available_windows"": 4, ""name"": ""Cycling Sit Inactive""}, ""4"": {""available_windows"": 4, ""name"": ""Stairs Descending""}, ""5"": {""available_windows"": 4, ""name"": ""Standing""}, ""7"": {""available_windows"": 1, ""name"": ""Lying""}, ""9"": {""available_windows"": 4, ""name"": ""Cycling Stand""}}"
harth,loso_subject_1,1,11,False,10,12,"{""10"": {""available_windows"": 4, ""name"": ""Cycling Sit Inactive""}, ""4"": {""available_windows"": 4, ""name"": ""Stairs Descending""}, ""5"": {""available_windows"": 4, ""name"": ""Standing""}, ""7"": {""available_windows"": 1, ""name"": ""Lying""}, ""9"": {""available_windows"": 4, ""name"": ""Cycling Stand""}}"
harth,loso_subject_1,1,12,False,10,13,"{""10"": {""available_windows"": 4, ""name"": ""Cycling Sit Inactive""}, ""4"": {""available_windows"": 4, ""name"": ""Stairs Descending""}, ""5"": {""available_windows"": 4, ""name"": ""Standing""}, ""7"": {""available_windows"": 1, ""name"": ""Lying""}, ""9"": {""available_windows"": 4, ""name"": ""Cycling Stand""}}"
harth,loso_subject_1,1,13,False,10,14,"{""10"": {""available_windows"": 4, ""name"": ""Cycling Sit Inactive""}, ""4"": {""available_windows"": 4, ""name"": ""Stairs Descending""}, ""5"": {""available_windows"": 4, ""name"": ""Standing""}, ""7"": {""available_windows"": 1, ""name"": ""Lying""}, ""9"": {""available_windows"": 4, ""name"": ""Cycling Stand""}}"
harth,loso_subject_1,1,14,False,10,15,"{""10"": {""available_windows"": 4, ""name"": ""Cycling Sit Inactive""}, ""4"": {""available_windows"": 4, ""name"": ""Stairs Descending""}, ""5"": {""available_windows"": 4, ""name"": ""Standing""}, ""7"": {""available_windows"": 1, ""name"": ""Lying""}, ""9"": {""available_windows"": 4, ""name"": ""Cycling Stand""}}"
harth,loso_subject_1,1,15,False,10,16,"{""10"": {""available_windows"": 4, ""name"": ""Cycling Sit Inactive""}, ""4"": {""available_windows"": 4, ""name"": ""Stairs Descending""}, ""5"": {""available_windows"": 4, ""name"": ""Standing""}, ""7"": {""available_windows"": 1, ""name"": ""Lying""}, ""9"": {""available_windows"": 4, ""name"": ""Cycling Stand""}}"
harth,loso_subject_1,1,16,False,10,17,"{""10"": {""available_windows"": 4, ""name"": ""Cycling Sit Inactive""}, ""4"": {""available_windows"": 4, ""name"": ""Stairs Descending""}, ""5"": {""available_windows"": 4, ""name"": ""Standing""}, ""7"": {""available_windows"": 1, ""name"": ""Lying""}, ""9"": {""available_windows"": 4, ""name"": ""Cycling Stand""}}"
harth,loso_subject_2,2,0,True,7,1,{}
harth,loso_subject_2,2,1,True,7,2,{}
harth,loso_subject_2,2,2,False,7,3,"{""4"": {""available_windows"": 2, ""name"": ""Stairs Descending""}}"
harth,loso_subject_2,2,3,False,7,4,"{""4"": {""available_windows"": 2, ""name"": ""Stairs Descending""}, ""5"": {""available_windows"": 3, ""name"": ""Standing""}}"
harth,loso_subject_2,2,4,False,7,5,"{""4"": {""available_windows"": 2, ""name"": ""Stairs Descending""}, ""5"": {""available_windows"": 3, ""name"": ""Standing""}}"
harth,loso_subject_2,2,5,False,7,6,"{""4"": {""available_windows"": 2, ""name"": ""Stairs Descending""}, ""5"": {""available_windows"": 3, ""name"": ""Standing""}}"
harth,loso_subject_2,2,6,False,7,7,"{""4"": {""available_windows"": 2, ""name"": ""Stairs Descending""}, ""5"": {""available_windows"": 3, ""name"": ""Standing""}}"
harth,loso_subject_2,2,7,False,7,8,"{""4"": {""available_windows"": 2, ""name"": ""Stairs Descending""}, ""5"": {""available_windows"": 3, ""name"": ""Standing""}}"
harth,loso_subject_2,2,8,False,7,9,"{""4"": {""available_windows"": 2, ""name"": ""Stairs Descending""}, ""5"": {""available_windows"": 3, ""name"": ""Standing""}}"
harth,loso_subject_2,2,9,False,7,10,"{""4"": {""available_windows"": 2, ""name"": ""Stairs Descending""}, ""5"": {""available_windows"": 3, ""name"": ""Standing""}}"
harth,loso_subject_2,2,10,False,7,11,"{""4"": {""available_windows"": 2, ""name"": ""Stairs Descending""}, ""5"": {""available_windows"": 3, ""name"": ""Standing""}}"
harth,loso_subject_2,2,11,False,7,12,"{""4"": {""available_windows"": 2, ""name"": ""Stairs Descending""}, ""5"": {""available_windows"": 3, ""name"": ""Standing""}}"
harth,loso_subject_2,2,12,False,7,13,"{""4"": {""available_windows"": 2, ""name"": ""Stairs Descending""}, ""5"": {""available_windows"": 3, ""name"": ""Standing""}}"
harth,loso_subject_2,2,13,False,7,14,"{""4"": {""available_windows"": 2, ""name"": ""Stairs Descending""}, ""5"": {""available_windows"": 3, ""name"": ""Standing""}}"
harth,loso_subject_2,2,14,False,7,15,"{""4"": {""available_windows"": 2, ""name"": ""Stairs Descending""}, ""5"": {""available_windows"": 3, ""name"": ""Standing""}}"
harth,loso_subject_2,2,15,False,7,16,"{""4"": {""available_windows"": 2, ""name"": ""Stairs Descending""}, ""5"": {""available_windows"": 3, ""name"": ""Standing""}}"
harth,loso_subject_2,2,16,False,7,17,"{""4"": {""available_windows"": 2, ""name"": ""Stairs Descending""}, ""5"": {""available_windows"": 3, ""name"": ""Standing""}}"
harth,loso_subject_3,3,0,True,6,1,{}
harth,loso_subject_3,3,1,True,6,2,{}
harth,loso_subject_3,3,2,True,6,3,{}
harth,loso_subject_3,3,3,True,6,4,{}
harth,loso_subject_3,3,4,True,6,5,{}
harth,loso_subject_3,3,5,True,6,6,{}
harth,loso_subject_3,3,6,True,6,7,{}
harth,loso_subject_3,3,7,True,6,8,{}
harth,loso_subject_3,3,8,True,6,9,{}
harth,loso_subject_3,3,9,True,6,10,{}
harth,loso_subject_3,3,10,True,6,11,{}
harth,loso_subject_3,3,11,True,6,12,{}
harth,loso_subject_3,3,12,True,6,13,{}
harth,loso_subject_3,3,13,True,6,14,{}
harth,loso_subject_3,3,14,True,6,15,{}
harth,loso_subject_3,3,15,False,6,16,"{""5"": {""available_windows"": 15, ""name"": ""Standing""}}"
harth,loso_subject_3,3,16,False,6,17,"{""5"": {""available_windows"": 15, ""name"": ""Standing""}}"
harth,loso_subject_4,4,0,True,8,1,{}
harth,loso_subject_4,4,1,True,8,2,{}
harth,loso_subject_4,4,2,True,8,3,{}
harth,loso_subject_4,4,3,True,8,4,{}
harth,loso_subject_4,4,4,True,8,5,{}
harth,loso_subject_4,4,5,True,8,6,{}
harth,loso_subject_4,4,6,True,8,7,{}
harth,loso_subject_4,4,7,True,8,8,{}
harth,loso_subject_4,4,8,True,8,9,{}
harth,loso_subject_4,4,9,True,8,10,{}
harth,loso_subject_4,4,10,True,8,11,{}
harth,loso_subject_4,4,11,True,8,12,{}
harth,loso_subject_4,4,12,False,8,13,"{""5"": {""available_windows"": 12, ""name"": ""Standing""}}"
harth,loso_subject_4,4,13,False,8,14,"{""11"": {""available_windows"": 13, ""name"": ""Cycling Stand Inactive""}, ""5"": {""available_windows"": 12, ""name"": ""Standing""}}"
harth,loso_subject_4,4,14,False,8,15,"{""11"": {""available_windows"": 13, ""name"": ""Cycling Stand Inactive""}, ""5"": {""available_windows"": 12, ""name"": ""Standing""}}"
harth,loso_subject_4,4,15,False,8,16,"{""11"": {""available_windows"": 13, ""name"": ""Cycling Stand Inactive""}, ""5"": {""available_windows"": 12, ""name"": ""Standing""}}"
harth,loso_subject_4,4,16,False,8,17,"{""11"": {""available_windows"": 13, ""name"": ""Cycling Stand Inactive""}, ""5"": {""available_windows"": 12, ""name"": ""Standing""}}"
harth,loso_subject_5,5,0,True,9,1,{}
harth,loso_subject_5,5,1,True,9,2,{}
harth,loso_subject_5,5,2,True,9,3,{}
harth,loso_subject_5,5,3,True,9,4,{}
harth,loso_subject_5,5,4,True,9,5,{}
harth,loso_subject_5,5,5,True,9,6,{}
harth,loso_subject_5,5,6,True,9,7,{}
harth,loso_subject_5,5,7,True,9,8,{}
harth,loso_subject_5,5,8,True,9,9,{}
harth,loso_subject_5,5,9,True,9,10,{}
harth,loso_subject_5,5,10,True,9,11,{}
harth,loso_subject_5,5,11,True,9,12,{}
harth,loso_subject_5,5,12,True,9,13,{}
harth,loso_subject_5,5,13,True,9,14,{}
harth,loso_subject_5,5,14,False,9,15,"{""5"": {""available_windows"": 14, ""name"": ""Standing""}}"
harth,loso_subject_5,5,15,False,9,16,"{""5"": {""available_windows"": 14, ""name"": ""Standing""}}"
harth,loso_subject_5,5,16,False,9,17,"{""5"": {""available_windows"": 14, ""name"": ""Standing""}}"
harth,loso_subject_6,6,0,True,9,1,{}
harth,loso_subject_6,6,1,True,9,2,{}
harth,loso_subject_6,6,2,True,9,3,{}
harth,loso_subject_6,6,3,True,9,4,{}
harth,loso_subject_6,6,4,True,9,5,{}
harth,loso_subject_6,6,5,True,9,6,{}
harth,loso_subject_6,6,6,True,9,7,{}
harth,loso_subject_6,6,7,True,9,8,{}
harth,loso_subject_6,6,8,True,9,9,{}
harth,loso_subject_6,6,9,True,9,10,{}
harth,loso_subject_6,6,10,True,9,11,{}
harth,loso_subject_6,6,11,True,9,12,{}
harth,loso_subject_6,6,12,True,9,13,{}
harth,loso_subject_6,6,13,True,9,14,{}
harth,loso_subject_6,6,14,False,9,15,"{""11"": {""available_windows"": 14, ""name"": ""Cycling Stand Inactive""}}"
harth,loso_subject_6,6,15,False,9,16,"{""11"": {""available_windows"": 14, ""name"": ""Cycling Stand Inactive""}}"
harth,loso_subject_6,6,16,False,9,17,"{""11"": {""available_windows"": 14, ""name"": ""Cycling Stand Inactive""}}"
harth,loso_subject_7,7,0,True,10,1,{}
harth,loso_subject_7,7,1,True,10,2,{}
harth,loso_subject_7,7,2,True,10,3,{}
harth,loso_subject_7,7,3,True,10,4,{}
harth,loso_subject_7,7,4,True,10,5,{}
harth,loso_subject_7,7,5,True,10,6,{}
harth,loso_subject_7,7,6,True,10,7,{}
harth,loso_subject_7,7,7,True,10,8,{}
harth,loso_subject_7,7,8,True,10,9,{}
harth,loso_subject_7,7,9,True,10,10,{}
harth,loso_subject_7,7,10,True,10,11,{}
harth,loso_subject_7,7,11,False,10,12,"{""9"": {""available_windows"": 11, ""name"": ""Cycling Stand""}}"
harth,loso_subject_7,7,12,False,10,13,"{""9"": {""available_windows"": 11, ""name"": ""Cycling Stand""}}"
harth,loso_subject_7,7,13,False,10,14,"{""9"": {""available_windows"": 11, ""name"": ""Cycling Stand""}}"
harth,loso_subject_7,7,14,False,10,15,"{""9"": {""available_windows"": 11, ""name"": ""Cycling Stand""}}"
harth,loso_subject_7,7,15,False,10,16,"{""2"": {""available_windows"": 15, ""name"": ""Shuffling""}, ""9"": {""available_windows"": 11, ""name"": ""Cycling Stand""}}"
harth,loso_subject_7,7,16,False,10,17,"{""2"": {""available_windows"": 15, ""name"": ""Shuffling""}, ""9"": {""available_windows"": 11, ""name"": ""Cycling Stand""}}"
harth,loso_subject_8,8,0,True,11,1,{}
harth,loso_subject_8,8,1,False,11,2,"{""7"": {""available_windows"": 1, ""name"": ""Lying""}, ""9"": {""available_windows"": 1, ""name"": ""Cycling Stand""}}"
harth,loso_subject_8,8,2,False,11,3,"{""4"": {""available_windows"": 2, ""name"": ""Stairs Descending""}, ""7"": {""available_windows"": 1, ""name"": ""Lying""}, ""9"": {""available_windows"": 1, ""name"": ""Cycling Stand""}}"
harth,loso_subject_8,8,3,False,11,4,"{""4"": {""available_windows"": 2, ""name"": ""Stairs Descending""}, ""7"": {""available_windows"": 1, ""name"": ""Lying""}, ""9"": {""available_windows"": 1, ""name"": ""Cycling Stand""}}"
harth,loso_subject_8,8,4,False,11,5,"{""4"": {""available_windows"": 2, ""name"": ""Stairs Descending""}, ""7"": {""available_windows"": 1, ""name"": ""Lying""}, ""9"": {""available_windows"": 1, ""name"": ""Cycling Stand""}}"
harth,loso_subject_8,8,5,False,11,6,"{""4"": {""available_windows"": 2, ""name"": ""Stairs Descending""}, ""7"": {""available_windows"": 1, ""name"": ""Lying""}, ""9"": {""available_windows"": 1, ""name"": ""Cycling Stand""}}"
harth,loso_subject_8,8,6,False,11,7,"{""4"": {""available_windows"": 2, ""name"": ""Stairs Descending""}, ""7"": {""available_windows"": 1, ""name"": ""Lying""}, ""9"": {""available_windows"": 1, ""name"": ""Cycling Stand""}}"
harth,loso_subject_8,8,7,False,11,8,"{""4"": {""available_windows"": 2, ""name"": ""Stairs Descending""}, ""7"": {""available_windows"": 1, ""name"": ""Lying""}, ""9"": {""available_windows"": 1, ""name"": ""Cycling Stand""}}"
harth,loso_subject_8,8,8,False,11,9,"{""4"": {""available_windows"": 2, ""name"": ""Stairs Descending""}, ""7"": {""available_windows"": 1, ""name"": ""Lying""}, ""9"": {""available_windows"": 1, ""name"": ""Cycling Stand""}}"
harth,loso_subject_8,8,9,False,11,10,"{""4"": {""available_windows"": 2, ""name"": ""Stairs Descending""}, ""5"": {""available_windows"": 9, ""name"": ""Standing""}, ""7"": {""available_windows"": 1, ""name"": ""Lying""}, ""9"": {""available_windows"": 1, ""name"": ""Cycling Stand""}}"
harth,loso_subject_8,8,10,False,11,11,"{""4"": {""available_windows"": 2, ""name"": ""Stairs Descending""}, ""5"": {""available_windows"": 9, ""name"": ""Standing""}, ""7"": {""available_windows"": 1, ""name"": ""Lying""}, ""9"": {""available_windows"": 1, ""name"": ""Cycling Stand""}}"
harth,loso_subject_8,8,11,False,11,12,"{""4"": {""available_windows"": 2, ""name"": ""Stairs Descending""}, ""5"": {""available_windows"": 9, ""name"": ""Standing""}, ""7"": {""available_windows"": 1, ""name"": ""Lying""}, ""9"": {""available_windows"": 1, ""name"": ""Cycling Stand""}}"
harth,loso_subject_8,8,12,False,11,13,"{""4"": {""available_windows"": 2, ""name"": ""Stairs Descending""}, ""5"": {""available_windows"": 9, ""name"": ""Standing""}, ""7"": {""available_windows"": 1, ""name"": ""Lying""}, ""9"": {""available_windows"": 1, ""name"": ""Cycling Stand""}}"
harth,loso_subject_8,8,13,False,11,14,"{""4"": {""available_windows"": 2, ""name"": ""Stairs Descending""}, ""5"": {""available_windows"": 9, ""name"": ""Standing""}, ""7"": {""available_windows"": 1, ""name"": ""Lying""}, ""9"": {""available_windows"": 1, ""name"": ""Cycling Stand""}}"
harth,loso_subject_8,8,14,False,11,15,"{""4"": {""available_windows"": 2, ""name"": ""Stairs Descending""}, ""5"": {""available_windows"": 9, ""name"": ""Standing""}, ""7"": {""available_windows"": 1, ""name"": ""Lying""}, ""9"": {""available_windows"": 1, ""name"": ""Cycling Stand""}}"
harth,loso_subject_8,8,15,False,11,16,"{""4"": {""available_windows"": 2, ""name"": ""Stairs Descending""}, ""5"": {""available_windows"": 9, ""name"": ""Standing""}, ""7"": {""available_windows"": 1, ""name"": ""Lying""}, ""9"": {""available_windows"": 1, ""name"": ""Cycling Stand""}}"
harth,loso_subject_8,8,16,False,11,17,"{""11"": {""available_windows"": 16, ""name"": ""Cycling Stand Inactive""}, ""4"": {""available_windows"": 2, ""name"": ""Stairs Descending""}, ""5"": {""available_windows"": 9, ""name"": ""Standing""}, ""7"": {""available_windows"": 1, ""name"": ""Lying""}, ""9"": {""available_windows"": 1, ""name"": ""Cycling Stand""}}"
harth,loso_subject_9,9,0,True,12,1,{}
harth,loso_subject_9,9,1,False,12,2,"{""10"": {""available_windows"": 1, ""name"": ""Cycling Sit Inactive""}}"
harth,loso_subject_9,9,2,False,12,3,"{""10"": {""available_windows"": 1, ""name"": ""Cycling Sit Inactive""}}"
harth,loso_subject_9,9,3,False,12,4,"{""10"": {""available_windows"": 1, ""name"": ""Cycling Sit Inactive""}}"
harth,loso_subject_9,9,4,False,12,5,"{""10"": {""available_windows"": 1, ""name"": ""Cycling Sit Inactive""}}"
harth,loso_subject_9,9,5,False,12,6,"{""10"": {""available_windows"": 1, ""name"": ""Cycling Sit Inactive""}}"
harth,loso_subject_9,9,6,False,12,7,"{""10"": {""available_windows"": 1, ""name"": ""Cycling Sit Inactive""}, ""7"": {""available_windows"": 6, ""name"": ""Lying""}}"
harth,loso_subject_9,9,7,False,12,8,"{""10"": {""available_windows"": 1, ""name"": ""Cycling Sit Inactive""}, ""7"": {""available_windows"": 6, ""name"": ""Lying""}}"
harth,loso_subject_9,9,8,False,12,9,"{""10"": {""available_windows"": 1, ""name"": ""Cycling Sit Inactive""}, ""7"": {""available_windows"": 6, ""name"": ""Lying""}}"
harth,loso_subject_9,9,9,False,12,10,"{""10"": {""available_windows"": 1, ""name"": ""Cycling Sit Inactive""}, ""7"": {""available_windows"": 6, ""name"": ""Lying""}}"
harth,loso_subject_9,9,10,False,12,11,"{""10"": {""available_windows"": 1, ""name"": ""Cycling Sit Inactive""}, ""7"": {""available_windows"": 6, ""name"": ""Lying""}}"
harth,loso_subject_9,9,11,False,12,12,"{""10"": {""available_windows"": 1, ""name"": ""Cycling Sit Inactive""}, ""7"": {""available_windows"": 6, ""name"": ""Lying""}}"
harth,loso_subject_9,9,12,False,12,13,"{""10"": {""available_windows"": 1, ""name"": ""Cycling Sit Inactive""}, ""7"": {""available_windows"": 6, ""name"": ""Lying""}}"
harth,loso_subject_9,9,13,False,12,14,"{""10"": {""available_windows"": 1, ""name"": ""Cycling Sit Inactive""}, ""7"": {""available_windows"": 6, ""name"": ""Lying""}}"
harth,loso_subject_9,9,14,False,12,15,"{""10"": {""available_windows"": 1, ""name"": ""Cycling Sit Inactive""}, ""7"": {""available_windows"": 6, ""name"": ""Lying""}}"
harth,loso_subject_9,9,15,False,12,16,"{""10"": {""available_windows"": 1, ""name"": ""Cycling Sit Inactive""}, ""7"": {""available_windows"": 6, ""name"": ""Lying""}}"
harth,loso_subject_9,9,16,False,12,17,"{""10"": {""available_windows"": 1, ""name"": ""Cycling Sit Inactive""}, ""7"": {""available_windows"": 6, ""name"": ""Lying""}}"
harth,loso_subject_10,10,0,True,10,1,{}
harth,loso_subject_10,10,1,True,10,2,{}
harth,loso_subject_10,10,2,True,10,3,{}
harth,loso_subject_10,10,3,True,10,4,{}
harth,loso_subject_10,10,4,True,10,5,{}
harth,loso_subject_10,10,5,True,10,6,{}
harth,loso_subject_10,10,6,True,10,7,{}
harth,loso_subject_10,10,7,True,10,8,{}
harth,loso_subject_10,10,8,False,10,9,"{""9"": {""available_windows"": 8, ""name"": ""Cycling Stand""}}"
harth,loso_subject_10,10,9,False,10,10,"{""9"": {""available_windows"": 8, ""name"": ""Cycling Stand""}}"
harth,loso_subject_10,10,10,False,10,11,"{""9"": {""available_windows"": 8, ""name"": ""Cycling Stand""}}"
harth,loso_subject_10,10,11,False,10,12,"{""9"": {""available_windows"": 8, ""name"": ""Cycling Stand""}}"
harth,loso_subject_10,10,12,False,10,13,"{""9"": {""available_windows"": 8, ""name"": ""Cycling Stand""}}"
harth,loso_subject_10,10,13,False,10,14,"{""9"": {""available_windows"": 8, ""name"": ""Cycling Stand""}}"
harth,loso_subject_10,10,14,False,10,15,"{""9"": {""available_windows"": 8, ""name"": ""Cycling Stand""}}"
harth,loso_subject_10,10,15,False,10,16,"{""9"": {""available_windows"": 8, ""name"": ""Cycling Stand""}}"
harth,loso_subject_10,10,16,False,10,17,"{""9"": {""available_windows"": 8, ""name"": ""Cycling Stand""}}"
harth,loso_subject_11,11,0,True,10,1,{}
harth,loso_subject_11,11,1,False,10,2,"{""7"": {""available_windows"": 1, ""name"": ""Lying""}}"
harth,loso_subject_11,11,2,False,10,3,"{""7"": {""available_windows"": 1, ""name"": ""Lying""}}"
harth,loso_subject_11,11,3,False,10,4,"{""7"": {""available_windows"": 1, ""name"": ""Lying""}}"
harth,loso_subject_11,11,4,False,10,5,"{""7"": {""available_windows"": 1, ""name"": ""Lying""}}"
harth,loso_subject_11,11,5,False,10,6,"{""7"": {""available_windows"": 1, ""name"": ""Lying""}}"
harth,loso_subject_11,11,6,False,10,7,"{""7"": {""available_windows"": 1, ""name"": ""Lying""}}"
harth,loso_subject_11,11,7,False,10,8,"{""7"": {""available_windows"": 1, ""name"": ""Lying""}}"
harth,loso_subject_11,11,8,False,10,9,"{""7"": {""available_windows"": 1, ""name"": ""Lying""}}"
harth,loso_subject_11,11,9,False,10,10,"{""7"": {""available_windows"": 1, ""name"": ""Lying""}}"
harth,loso_subject_11,11,10,False,10,11,"{""7"": {""available_windows"": 1, ""name"": ""Lying""}}"
harth,loso_subject_11,11,11,False,10,12,"{""7"": {""available_windows"": 1, ""name"": ""Lying""}}"
harth,loso_subject_11,11,12,False,10,13,"{""7"": {""available_windows"": 1, ""name"": ""Lying""}}"
harth,loso_subject_11,11,13,False,10,14,"{""7"": {""available_windows"": 1, ""name"": ""Lying""}}"
harth,loso_subject_11,11,14,False,10,15,"{""7"": {""available_windows"": 1, ""name"": ""Lying""}}"
harth,loso_subject_11,11,15,False,10,16,"{""7"": {""available_windows"": 1, ""name"": ""Lying""}}"
harth,loso_subject_11,11,16,False,10,17,"{""5"": {""available_windows"": 16, ""name"": ""Standing""}, ""7"": {""available_windows"": 1, ""name"": ""Lying""}}"
harth,loso_subject_12,12,0,True,11,1,{}
harth,loso_subject_12,12,1,True,11,2,{}
harth,loso_subject_12,12,2,True,11,3,{}
harth,loso_subject_12,12,3,False,11,4,"{""9"": {""available_windows"": 3, ""name"": ""Cycling Stand""}}"
harth,loso_subject_12,12,4,False,11,5,"{""7"": {""available_windows"": 4, ""name"": ""Lying""}, ""9"": {""available_windows"": 3, ""name"": ""Cycling Stand""}}"
harth,loso_subject_12,12,5,False,11,6,"{""7"": {""available_windows"": 4, ""name"": ""Lying""}, ""9"": {""available_windows"": 3, ""name"": ""Cycling Stand""}}"
harth,loso_subject_12,12,6,False,11,7,"{""7"": {""available_windows"": 4, ""name"": ""Lying""}, ""9"": {""available_windows"": 3, ""name"": ""Cycling Stand""}}"
harth,loso_subject_12,12,7,False,11,8,"{""7"": {""available_windows"": 4, ""name"": ""Lying""}, ""9"": {""available_windows"": 3, ""name"": ""Cycling Stand""}}"
harth,loso_subject_12,12,8,False,11,9,"{""7"": {""available_windows"": 4, ""name"": ""Lying""}, ""9"": {""available_windows"": 3, ""name"": ""Cycling Stand""}}"
harth,loso_subject_12,12,9,False,11,10,"{""7"": {""available_windows"": 4, ""name"": ""Lying""}, ""9"": {""available_windows"": 3, ""name"": ""Cycling Stand""}}"
harth,loso_subject_12,12,10,False,11,11,"{""7"": {""available_windows"": 4, ""name"": ""Lying""}, ""9"": {""available_windows"": 3, ""name"": ""Cycling Stand""}}"
harth,loso_subject_12,12,11,False,11,12,"{""2"": {""available_windows"": 11, ""name"": ""Shuffling""}, ""5"": {""available_windows"": 11, ""name"": ""Standing""}, ""7"": {""available_windows"": 4, ""name"": ""Lying""}, ""9"": {""available_windows"": 3, ""name"": ""Cycling Stand""}}"
harth,loso_subject_12,12,12,False,11,13,"{""2"": {""available_windows"": 11, ""name"": ""Shuffling""}, ""5"": {""available_windows"": 11, ""name"": ""Standing""}, ""7"": {""available_windows"": 4, ""name"": ""Lying""}, ""9"": {""available_windows"": 3, ""name"": ""Cycling Stand""}}"
harth,loso_subject_12,12,13,False,11,14,"{""2"": {""available_windows"": 11, ""name"": ""Shuffling""}, ""5"": {""available_windows"": 11, ""name"": ""Standing""}, ""7"": {""available_windows"": 4, ""name"": ""Lying""}, ""9"": {""available_windows"": 3, ""name"": ""Cycling Stand""}}"
harth,loso_subject_12,12,14,False,11,15,"{""2"": {""available_windows"": 11, ""name"": ""Shuffling""}, ""5"": {""available_windows"": 11, ""name"": ""Standing""}, ""7"": {""available_windows"": 4, ""name"": ""Lying""}, ""9"": {""available_windows"": 3, ""name"": ""Cycling Stand""}}"
harth,loso_subject_12,12,15,False,11,16,"{""2"": {""available_windows"": 11, ""name"": ""Shuffling""}, ""4"": {""available_windows"": 15, ""name"": ""Stairs Descending""}, ""5"": {""available_windows"": 11, ""name"": ""Standing""}, ""7"": {""available_windows"": 4, ""name"": ""Lying""}, ""9"": {""available_windows"": 3, ""name"": ""Cycling Stand""}}"
harth,loso_subject_12,12,16,False,11,17,"{""2"": {""available_windows"": 11, ""name"": ""Shuffling""}, ""4"": {""available_windows"": 15, ""name"": ""Stairs Descending""}, ""5"": {""available_windows"": 11, ""name"": ""Standing""}, ""7"": {""available_windows"": 4, ""name"": ""Lying""}, ""9"": {""available_windows"": 3, ""name"": ""Cycling Stand""}}"
harth,loso_subject_13,13,0,True,10,1,{}
harth,loso_subject_13,13,1,True,10,2,{}
harth,loso_subject_13,13,2,True,10,3,{}
harth,loso_subject_13,13,3,False,10,4,"{""9"": {""available_windows"": 3, ""name"": ""Cycling Stand""}}"
harth,loso_subject_13,13,4,False,10,5,"{""9"": {""available_windows"": 3, ""name"": ""Cycling Stand""}}"
harth,loso_subject_13,13,5,False,10,6,"{""9"": {""available_windows"": 3, ""name"": ""Cycling Stand""}}"
harth,loso_subject_13,13,6,False,10,7,"{""9"": {""available_windows"": 3, ""name"": ""Cycling Stand""}}"
harth,loso_subject_13,13,7,False,10,8,"{""9"": {""available_windows"": 3, ""name"": ""Cycling Stand""}}"
harth,loso_subject_13,13,8,False,10,9,"{""5"": {""available_windows"": 8, ""name"": ""Standing""}, ""9"": {""available_windows"": 3, ""name"": ""Cycling Stand""}}"
harth,loso_subject_13,13,9,False,10,10,"{""5"": {""available_windows"": 8, ""name"": ""Standing""}, ""9"": {""available_windows"": 3, ""name"": ""Cycling Stand""}}"
harth,loso_subject_13,13,10,False,10,11,"{""5"": {""available_windows"": 8, ""name"": ""Standing""}, ""9"": {""available_windows"": 3, ""name"": ""Cycling Stand""}}"
harth,loso_subject_13,13,11,False,10,12,"{""2"": {""available_windows"": 11, ""name"": ""Shuffling""}, ""5"": {""available_windows"": 8, ""name"": ""Standing""}, ""9"": {""available_windows"": 3, ""name"": ""Cycling Stand""}}"
harth,loso_subject_13,13,12,False,10,13,"{""2"": {""available_windows"": 11, ""name"": ""Shuffling""}, ""5"": {""available_windows"": 8, ""name"": ""Standing""}, ""9"": {""available_windows"": 3, ""name"": ""Cycling Stand""}}"
harth,loso_subject_13,13,13,False,10,14,"{""2"": {""available_windows"": 11, ""name"": ""Shuffling""}, ""5"": {""available_windows"": 8, ""name"": ""Standing""}, ""9"": {""available_windows"": 3, ""name"": ""Cycling Stand""}}"
harth,loso_subject_13,13,14,False,10,15,"{""2"": {""available_windows"": 11, ""name"": ""Shuffling""}, ""5"": {""available_windows"": 8, ""name"": ""Standing""}, ""9"": {""available_windows"": 3, ""name"": ""Cycling Stand""}}"
harth,loso_subject_13,13,15,False,10,16,"{""2"": {""available_windows"": 11, ""name"": ""Shuffling""}, ""5"": {""available_windows"": 8, ""name"": ""Standing""}, ""8"": {""available_windows"": 15, ""name"": ""Cycling Sit""}, ""9"": {""available_windows"": 3, ""name"": ""Cycling Stand""}}"
harth,loso_subject_13,13,16,False,10,17,"{""2"": {""available_windows"": 11, ""name"": ""Shuffling""}, ""5"": {""available_windows"": 8, ""name"": ""Standing""}, ""8"": {""available_windows"": 15, ""name"": ""Cycling Sit""}, ""9"": {""available_windows"": 3, ""name"": ""Cycling Stand""}}"
harth,loso_subject_14,14,0,True,11,1,{}
harth,loso_subject_14,14,1,True,11,2,{}
harth,loso_subject_14,14,2,False,11,3,"{""10"": {""available_windows"": 2, ""name"": ""Cycling Sit Inactive""}}"
harth,loso_subject_14,14,3,False,11,4,"{""10"": {""available_windows"": 2, ""name"": ""Cycling Sit Inactive""}}"
harth,loso_subject_14,14,4,False,11,5,"{""10"": {""available_windows"": 2, ""name"": ""Cycling Sit Inactive""}}"
harth,loso_subject_14,14,5,False,11,6,"{""10"": {""available_windows"": 2, ""name"": ""Cycling Sit Inactive""}}"
harth,loso_subject_14,14,6,False,11,7,"{""10"": {""available_windows"": 2, ""name"": ""Cycling Sit Inactive""}}"
harth,loso_subject_14,14,7,False,11,8,"{""10"": {""available_windows"": 2, ""name"": ""Cycling Sit Inactive""}, ""7"": {""available_windows"": 7, ""name"": ""Lying""}}"
harth,loso_subject_14,14,8,False,11,9,"{""10"": {""available_windows"": 2, ""name"": ""Cycling Sit Inactive""}, ""7"": {""available_windows"": 7, ""name"": ""Lying""}}"
harth,loso_subject_14,14,9,False,11,10,"{""10"": {""available_windows"": 2, ""name"": ""Cycling Sit Inactive""}, ""7"": {""available_windows"": 7, ""name"": ""Lying""}}"
harth,loso_subject_14,14,10,False,11,11,"{""10"": {""available_windows"": 2, ""name"": ""Cycling Sit Inactive""}, ""7"": {""available_windows"": 7, ""name"": ""Lying""}}"
harth,loso_subject_14,14,11,False,11,12,"{""10"": {""available_windows"": 2, ""name"": ""Cycling Sit Inactive""}, ""7"": {""available_windows"": 7, ""name"": ""Lying""}}"
harth,loso_subject_14,14,12,False,11,13,"{""10"": {""available_windows"": 2, ""name"": ""Cycling Sit Inactive""}, ""7"": {""available_windows"": 7, ""name"": ""Lying""}}"
harth,loso_subject_14,14,13,False,11,14,"{""10"": {""available_windows"": 2, ""name"": ""Cycling Sit Inactive""}, ""7"": {""available_windows"": 7, ""name"": ""Lying""}}"
harth,loso_subject_14,14,14,False,11,15,"{""10"": {""available_windows"": 2, ""name"": ""Cycling Sit Inactive""}, ""11"": {""available_windows"": 14, ""name"": ""Cycling Stand Inactive""}, ""7"": {""available_windows"": 7, ""name"": ""Lying""}}"
harth,loso_subject_14,14,15,False,11,16,"{""10"": {""available_windows"": 2, ""name"": ""Cycling Sit Inactive""}, ""11"": {""available_windows"": 14, ""name"": ""Cycling Stand Inactive""}, ""7"": {""available_windows"": 7, ""name"": ""Lying""}}"
harth,loso_subject_14,14,16,False,11,17,"{""10"": {""available_windows"": 2, ""name"": ""Cycling Sit Inactive""}, ""11"": {""available_windows"": 14, ""name"": ""Cycling Stand Inactive""}, ""7"": {""available_windows"": 7, ""name"": ""Lying""}}"
harth,loso_subject_15,15,0,True,8,1,{}
harth,loso_subject_15,15,1,True,8,2,{}
harth,loso_subject_15,15,2,True,8,3,{}
harth,loso_subject_15,15,3,False,8,4,"{""2"": {""available_windows"": 3, ""name"": ""Shuffling""}}"
harth,loso_subject_15,15,4,False,8,5,"{""2"": {""available_windows"": 3, ""name"": ""Shuffling""}}"
harth,loso_subject_15,15,5,False,8,6,"{""2"": {""available_windows"": 3, ""name"": ""Shuffling""}}"
harth,loso_subject_15,15,6,False,8,7,"{""2"": {""available_windows"": 3, ""name"": ""Shuffling""}}"
harth,loso_subject_15,15,7,False,8,8,"{""2"": {""available_windows"": 3, ""name"": ""Shuffling""}}"
harth,loso_subject_15,15,8,False,8,9,"{""2"": {""available_windows"": 3, ""name"": ""Shuffling""}}"
harth,loso_subject_15,15,9,False,8,10,"{""2"": {""available_windows"": 3, ""name"": ""Shuffling""}}"
harth,loso_subject_15,15,10,False,8,11,"{""2"": {""available_windows"": 3, ""name"": ""Shuffling""}, ""5"": {""available_windows"": 10, ""name"": ""Standing""}}"
harth,loso_subject_15,15,11,False,8,12,"{""2"": {""available_windows"": 3, ""name"": ""Shuffling""}, ""5"": {""available_windows"": 10, ""name"": ""Standing""}}"
harth,loso_subject_15,15,12,False,8,13,"{""2"": {""available_windows"": 3, ""name"": ""Shuffling""}, ""5"": {""available_windows"": 10, ""name"": ""Standing""}}"
harth,loso_subject_15,15,13,False,8,14,"{""2"": {""available_windows"": 3, ""name"": ""Shuffling""}, ""5"": {""available_windows"": 10, ""name"": ""Standing""}}"
harth,loso_subject_15,15,14,False,8,15,"{""2"": {""available_windows"": 3, ""name"": ""Shuffling""}, ""5"": {""available_windows"": 10, ""name"": ""Standing""}}"
harth,loso_subject_15,15,15,False,8,16,"{""2"": {""available_windows"": 3, ""name"": ""Shuffling""}, ""5"": {""available_windows"": 10, ""name"": ""Standing""}}"
harth,loso_subject_15,15,16,False,8,17,"{""2"": {""available_windows"": 3, ""name"": ""Shuffling""}, ""4"": {""available_windows"": 16, ""name"": ""Stairs Descending""}, ""5"": {""available_windows"": 10, ""name"": ""Standing""}}"
harth,loso_subject_16,16,0,True,8,1,{}
harth,loso_subject_16,16,1,True,8,2,{}
harth,loso_subject_16,16,2,True,8,3,{}
harth,loso_subject_16,16,3,False,8,4,"{""2"": {""available_windows"": 3, ""name"": ""Shuffling""}}"
harth,loso_subject_16,16,4,False,8,5,"{""2"": {""available_windows"": 3, ""name"": ""Shuffling""}}"
harth,loso_subject_16,16,5,False,8,6,"{""2"": {""available_windows"": 3, ""name"": ""Shuffling""}}"
harth,loso_subject_16,16,6,False,8,7,"{""2"": {""available_windows"": 3, ""name"": ""Shuffling""}}"
harth,loso_subject_16,16,7,False,8,8,"{""2"": {""available_windows"": 3, ""name"": ""Shuffling""}}"
harth,loso_subject_16,16,8,False,8,9,"{""2"": {""available_windows"": 3, ""name"": ""Shuffling""}}"
harth,loso_subject_16,16,9,False,8,10,"{""2"": {""available_windows"": 3, ""name"": ""Shuffling""}}"
harth,loso_subject_16,16,10,False,8,11,"{""2"": {""available_windows"": 3, ""name"": ""Shuffling""}}"
harth,loso_subject_16,16,11,False,8,12,"{""2"": {""available_windows"": 3, ""name"": ""Shuffling""}}"
harth,loso_subject_16,16,12,False,8,13,"{""2"": {""available_windows"": 3, ""name"": ""Shuffling""}}"
harth,loso_subject_16,16,13,False,8,14,"{""2"": {""available_windows"": 3, ""name"": ""Shuffling""}}"
harth,loso_subject_16,16,14,False,8,15,"{""2"": {""available_windows"": 3, ""name"": ""Shuffling""}}"
harth,loso_subject_16,16,15,False,8,16,"{""2"": {""available_windows"": 3, ""name"": ""Shuffling""}, ""5"": {""available_windows"": 15, ""name"": ""Standing""}}"
harth,loso_subject_16,16,16,False,8,17,"{""2"": {""available_windows"": 3, ""name"": ""Shuffling""}, ""5"": {""available_windows"": 15, ""name"": ""Standing""}}"
harth,loso_subject_17,17,0,True,12,1,{}
harth,loso_subject_17,17,1,True,12,2,{}
harth,loso_subject_17,17,2,True,12,3,{}
harth,loso_subject_17,17,3,True,12,4,{}
harth,loso_subject_17,17,4,True,12,5,{}
harth,loso_subject_17,17,5,True,12,6,{}
harth,loso_subject_17,17,6,True,12,7,{}
harth,loso_subject_17,17,7,True,12,8,{}
harth,loso_subject_17,17,8,True,12,9,{}
harth,loso_subject_17,17,9,True,12,10,{}
harth,loso_subject_17,17,10,True,12,11,{}
harth,loso_subject_17,17,11,True,12,12,{}
harth,loso_subject_17,17,12,True,12,13,{}
harth,loso_subject_17,17,13,True,12,14,{}
harth,loso_subject_17,17,14,False,12,15,"{""5"": {""available_windows"": 14, ""name"": ""Standing""}}"
harth,loso_subject_17,17,15,False,12,16,"{""5"": {""available_windows"": 14, ""name"": ""Standing""}}"
harth,loso_subject_17,17,16,False,12,17,"{""5"": {""available_windows"": 14, ""name"": ""Standing""}}"
harth,loso_subject_18,18,0,True,11,1,{}
harth,loso_subject_18,18,1,True,11,2,{}
harth,loso_subject_18,18,2,True,11,3,{}
harth,loso_subject_18,18,3,True,11,4,{}
harth,loso_subject_18,18,4,True,11,5,{}
harth,loso_subject_18,18,5,True,11,6,{}
harth,loso_subject_18,18,6,True,11,7,{}
harth,loso_subject_18,18,7,False,11,8,"{""2"": {""available_windows"": 7, ""name"": ""Shuffling""}}"
harth,loso_subject_18,18,8,False,11,9,"{""2"": {""available_windows"": 7, ""name"": ""Shuffling""}}"
harth,loso_subject_18,18,9,False,11,10,"{""2"": {""available_windows"": 7, ""name"": ""Shuffling""}}"
harth,loso_subject_18,18,10,False,11,11,"{""2"": {""available_windows"": 7, ""name"": ""Shuffling""}}"
harth,loso_subject_18,18,11,False,11,12,"{""2"": {""available_windows"": 7, ""name"": ""Shuffling""}}"
harth,loso_subject_18,18,12,False,11,13,"{""2"": {""available_windows"": 7, ""name"": ""Shuffling""}}"
harth,loso_subject_18,18,13,False,11,14,"{""0"": {""available_windows"": 13, ""name"": ""Walking""}, ""2"": {""available_windows"": 7, ""name"": ""Shuffling""}}"
harth,loso_subject_18,18,14,False,11,15,"{""0"": {""available_windows"": 13, ""name"": ""Walking""}, ""2"": {""available_windows"": 7, ""name"": ""Shuffling""}}"
harth,loso_subject_18,18,15,False,11,16,"{""0"": {""available_windows"": 13, ""name"": ""Walking""}, ""2"": {""available_windows"": 7, ""name"": ""Shuffling""}}"
harth,loso_subject_18,18,16,False,11,17,"{""0"": {""available_windows"": 13, ""name"": ""Walking""}, ""10"": {""available_windows"": 16, ""name"": ""Cycling Sit Inactive""}, ""2"": {""available_windows"": 7, ""name"": ""Shuffling""}}"
harth,loso_subject_19,19,0,True,6,1,{}
harth,loso_subject_19,19,1,True,6,2,{}
harth,loso_subject_19,19,2,True,6,3,{}
harth,loso_subject_19,19,3,True,6,4,{}
harth,loso_subject_19,19,4,False,6,5,"{""2"": {""available_windows"": 4, ""name"": ""Shuffling""}}"
harth,loso_subject_19,19,5,False,6,6,"{""2"": {""available_windows"": 4, ""name"": ""Shuffling""}}"
harth,loso_subject_19,19,6,False,6,7,"{""0"": {""available_windows"": 6, ""name"": ""Walking""}, ""2"": {""available_windows"": 4, ""name"": ""Shuffling""}}"
harth,loso_subject_19,19,7,False,6,8,"{""0"": {""available_windows"": 6, ""name"": ""Walking""}, ""2"": {""available_windows"": 4, ""name"": ""Shuffling""}}"
harth,loso_subject_19,19,8,False,6,9,"{""0"": {""available_windows"": 6, ""name"": ""Walking""}, ""2"": {""available_windows"": 4, ""name"": ""Shuffling""}}"
harth,loso_subject_19,19,9,False,6,10,"{""0"": {""available_windows"": 6, ""name"": ""Walking""}, ""2"": {""available_windows"": 4, ""name"": ""Shuffling""}}"
harth,loso_subject_19,19,10,False,6,11,"{""0"": {""available_windows"": 6, ""name"": ""Walking""}, ""2"": {""available_windows"": 4, ""name"": ""Shuffling""}}"
harth,loso_subject_19,19,11,False,6,12,"{""0"": {""available_windows"": 6, ""name"": ""Walking""}, ""2"": {""available_windows"": 4, ""name"": ""Shuffling""}}"
harth,loso_subject_19,19,12,False,6,13,"{""0"": {""available_windows"": 6, ""name"": ""Walking""}, ""2"": {""available_windows"": 4, ""name"": ""Shuffling""}}"
harth,loso_subject_19,19,13,False,6,14,"{""0"": {""available_windows"": 6, ""name"": ""Walking""}, ""1"": {""available_windows"": 13, ""name"": ""Running""}, ""2"": {""available_windows"": 4, ""name"": ""Shuffling""}}"
harth,loso_subject_19,19,14,False,6,15,"{""0"": {""available_windows"": 6, ""name"": ""Walking""}, ""1"": {""available_windows"": 13, ""name"": ""Running""}, ""2"": {""available_windows"": 4, ""name"": ""Shuffling""}}"
harth,loso_subject_19,19,15,False,6,16,"{""0"": {""available_windows"": 6, ""name"": ""Walking""}, ""1"": {""available_windows"": 13, ""name"": ""Running""}, ""2"": {""available_windows"": 4, ""name"": ""Shuffling""}}"
harth,loso_subject_19,19,16,False,6,17,"{""0"": {""available_windows"": 6, ""name"": ""Walking""}, ""1"": {""available_windows"": 13, ""name"": ""Running""}, ""2"": {""available_windows"": 4, ""name"": ""Shuffling""}}"
harth,loso_subject_20,20,0,True,7,1,{}
harth,loso_subject_20,20,1,True,7,2,{}
harth,loso_subject_20,20,2,True,7,3,{}
harth,loso_subject_20,20,3,False,7,4,"{""2"": {""available_windows"": 3, ""name"": ""Shuffling""}}"
harth,loso_subject_20,20,4,False,7,5,"{""2"": {""available_windows"": 3, ""name"": ""Shuffling""}}"
harth,loso_subject_20,20,5,False,7,6,"{""2"": {""available_windows"": 3, ""name"": ""Shuffling""}}"
harth,loso_subject_20,20,6,False,7,7,"{""2"": {""available_windows"": 3, ""name"": ""Shuffling""}, ""4"": {""available_windows"": 6, ""name"": ""Stairs Descending""}}"
harth,loso_subject_20,20,7,False,7,8,"{""2"": {""available_windows"": 3, ""name"": ""Shuffling""}, ""4"": {""available_windows"": 6, ""name"": ""Stairs Descending""}, ""5"": {""available_windows"": 7, ""name"": ""Standing""}}"
harth,loso_subject_20,20,8,False,7,9,"{""2"": {""available_windows"": 3, ""name"": ""Shuffling""}, ""4"": {""available_windows"": 6, ""name"": ""Stairs Descending""}, ""5"": {""available_windows"": 7, ""name"": ""Standing""}}"
harth,loso_subject_20,20,9,False,7,10,"{""2"": {""available_windows"": 3, ""name"": ""Shuffling""}, ""4"": {""available_windows"": 6, ""name"": ""Stairs Descending""}, ""5"": {""available_windows"": 7, ""name"": ""Standing""}}"
harth,loso_subject_20,20,10,False,7,11,"{""2"": {""available_windows"": 3, ""name"": ""Shuffling""}, ""4"": {""available_windows"": 6, ""name"": ""Stairs Descending""}, ""5"": {""available_windows"": 7, ""name"": ""Standing""}}"
harth,loso_subject_20,20,11,False,7,12,"{""2"": {""available_windows"": 3, ""name"": ""Shuffling""}, ""4"": {""available_windows"": 6, ""name"": ""Stairs Descending""}, ""5"": {""available_windows"": 7, ""name"": ""Standing""}, ""6"": {""available_windows"": 11, ""name"": ""Sitting""}}"
harth,loso_subject_20,20,12,False,7,13,"{""2"": {""available_windows"": 3, ""name"": ""Shuffling""}, ""4"": {""available_windows"": 6, ""name"": ""Stairs Descending""}, ""5"": {""available_windows"": 7, ""name"": ""Standing""}, ""6"": {""available_windows"": 11, ""name"": ""Sitting""}}"
harth,loso_subject_20,20,13,False,7,14,"{""2"": {""available_windows"": 3, ""name"": ""Shuffling""}, ""4"": {""available_windows"": 6, ""name"": ""Stairs Descending""}, ""5"": {""available_windows"": 7, ""name"": ""Standing""}, ""6"": {""available_windows"": 11, ""name"": ""Sitting""}}"
harth,loso_subject_20,20,14,False,7,15,"{""2"": {""available_windows"": 3, ""name"": ""Shuffling""}, ""4"": {""available_windows"": 6, ""name"": ""Stairs Descending""}, ""5"": {""available_windows"": 7, ""name"": ""Standing""}, ""6"": {""available_windows"": 11, ""name"": ""Sitting""}}"
harth,loso_subject_20,20,15,False,7,16,"{""2"": {""available_windows"": 3, ""name"": ""Shuffling""}, ""4"": {""available_windows"": 6, ""name"": ""Stairs Descending""}, ""5"": {""available_windows"": 7, ""name"": ""Standing""}, ""6"": {""available_windows"": 11, ""name"": ""Sitting""}}"
harth,loso_subject_20,20,16,False,7,17,"{""2"": {""available_windows"": 3, ""name"": ""Shuffling""}, ""4"": {""available_windows"": 6, ""name"": ""Stairs Descending""}, ""5"": {""available_windows"": 7, ""name"": ""Standing""}, ""6"": {""available_windows"": 11, ""name"": ""Sitting""}}"
harth,loso_subject_21,21,0,True,10,1,{}
harth,loso_subject_21,21,1,True,10,2,{}
harth,loso_subject_21,21,2,False,10,3,"{""4"": {""available_windows"": 2, ""name"": ""Stairs Descending""}}"
harth,loso_subject_21,21,3,False,10,4,"{""4"": {""available_windows"": 2, ""name"": ""Stairs Descending""}}"
harth,loso_subject_21,21,4,False,10,5,"{""4"": {""available_windows"": 2, ""name"": ""Stairs Descending""}}"
harth,loso_subject_21,21,5,False,10,6,"{""4"": {""available_windows"": 2, ""name"": ""Stairs Descending""}, ""5"": {""available_windows"": 5, ""name"": ""Standing""}}"
harth,loso_subject_21,21,6,False,10,7,"{""4"": {""available_windows"": 2, ""name"": ""Stairs Descending""}, ""5"": {""available_windows"": 5, ""name"": ""Standing""}}"
harth,loso_subject_21,21,7,False,10,8,"{""4"": {""available_windows"": 2, ""name"": ""Stairs Descending""}, ""5"": {""available_windows"": 5, ""name"": ""Standing""}}"
harth,loso_subject_21,21,8,False,10,9,"{""4"": {""available_windows"": 2, ""name"": ""Stairs Descending""}, ""5"": {""available_windows"": 5, ""name"": ""Standing""}, ""7"": {""available_windows"": 8, ""name"": ""Lying""}}"
harth,loso_subject_21,21,9,False,10,10,"{""4"": {""available_windows"": 2, ""name"": ""Stairs Descending""}, ""5"": {""available_windows"": 5, ""name"": ""Standing""}, ""7"": {""available_windows"": 8, ""name"": ""Lying""}}"
harth,loso_subject_21,21,10,False,10,11,"{""4"": {""available_windows"": 2, ""name"": ""Stairs Descending""}, ""5"": {""available_windows"": 5, ""name"": ""Standing""}, ""7"": {""available_windows"": 8, ""name"": ""Lying""}}"
harth,loso_subject_21,21,11,False,10,12,"{""4"": {""available_windows"": 2, ""name"": ""Stairs Descending""}, ""5"": {""available_windows"": 5, ""name"": ""Standing""}, ""7"": {""available_windows"": 8, ""name"": ""Lying""}}"
harth,loso_subject_21,21,12,False,10,13,"{""4"": {""available_windows"": 2, ""name"": ""Stairs Descending""}, ""5"": {""available_windows"": 5, ""name"": ""Standing""}, ""7"": {""available_windows"": 8, ""name"": ""Lying""}}"
harth,loso_subject_21,21,13,False,10,14,"{""4"": {""available_windows"": 2, ""name"": ""Stairs Descending""}, ""5"": {""available_windows"": 5, ""name"": ""Standing""}, ""7"": {""available_windows"": 8, ""name"": ""Lying""}}"
harth,loso_subject_21,21,14,False,10,15,"{""4"": {""available_windows"": 2, ""name"": ""Stairs Descending""}, ""5"": {""available_windows"": 5, ""name"": ""Standing""}, ""7"": {""available_windows"": 8, ""name"": ""Lying""}}"
harth,loso_subject_21,21,15,False,10,16,"{""4"": {""available_windows"": 2, ""name"": ""Stairs Descending""}, ""5"": {""available_windows"": 5, ""name"": ""Standing""}, ""7"": {""available_windows"": 8, ""name"": ""Lying""}}"
harth,loso_subject_21,21,16,False,10,17,"{""4"": {""available_windows"": 2, ""name"": ""Stairs Descending""}, ""5"": {""available_windows"": 5, ""name"": ""Standing""}, ""7"": {""available_windows"": 8, ""name"": ""Lying""}}"
hapt,loso_subject_0,0,0,True,12,1,{}
hapt,loso_subject_0,0,1,True,12,2,{}
hapt,loso_subject_0,0,2,False,12,3,"{""1"": {""available_windows"": 2, ""name"": ""Walking Upstairs""}, ""3"": {""available_windows"": 2, ""name"": ""Sitting""}, ""6"": {""available_windows"": 2, ""name"": ""Stand To Sit""}, ""7"": {""available_windows"": 2, ""name"": ""Sit To Stand""}, ""8"": {""available_windows"": 2, ""name"": ""Sit To Lie""}}"
hapt,loso_subject_0,0,3,False,12,4,"{""1"": {""available_windows"": 2, ""name"": ""Walking Upstairs""}, ""3"": {""available_windows"": 2, ""name"": ""Sitting""}, ""6"": {""available_windows"": 2, ""name"": ""Stand To Sit""}, ""7"": {""available_windows"": 2, ""name"": ""Sit To Stand""}, ""8"": {""available_windows"": 2, ""name"": ""Sit To Lie""}}"
hapt,loso_subject_0,0,4,False,12,5,"{""1"": {""available_windows"": 2, ""name"": ""Walking Upstairs""}, ""3"": {""available_windows"": 2, ""name"": ""Sitting""}, ""4"": {""available_windows"": 4, ""name"": ""Standing""}, ""6"": {""available_windows"": 2, ""name"": ""Stand To Sit""}, ""7"": {""available_windows"": 2, ""name"": ""Sit To Stand""}, ""8"": {""available_windows"": 2, ""name"": ""Sit To Lie""}}"
hapt,loso_subject_0,0,5,False,12,6,"{""1"": {""available_windows"": 2, ""name"": ""Walking Upstairs""}, ""3"": {""available_windows"": 2, ""name"": ""Sitting""}, ""4"": {""available_windows"": 4, ""name"": ""Standing""}, ""6"": {""available_windows"": 2, ""name"": ""Stand To Sit""}, ""7"": {""available_windows"": 2, ""name"": ""Sit To Stand""}, ""8"": {""available_windows"": 2, ""name"": ""Sit To Lie""}}"
hapt,loso_subject_0,0,6,False,12,7,"{""1"": {""available_windows"": 2, ""name"": ""Walking Upstairs""}, ""3"": {""available_windows"": 2, ""name"": ""Sitting""}, ""4"": {""available_windows"": 4, ""name"": ""Standing""}, ""6"": {""available_windows"": 2, ""name"": ""Stand To Sit""}, ""7"": {""available_windows"": 2, ""name"": ""Sit To Stand""}, ""8"": {""available_windows"": 2, ""name"": ""Sit To Lie""}}"
hapt,loso_subject_0,0,7,False,12,8,"{""1"": {""available_windows"": 2, ""name"": ""Walking Upstairs""}, ""3"": {""available_windows"": 2, ""name"": ""Sitting""}, ""4"": {""available_windows"": 4, ""name"": ""Standing""}, ""6"": {""available_windows"": 2, ""name"": ""Stand To Sit""}, ""7"": {""available_windows"": 2, ""name"": ""Sit To Stand""}, ""8"": {""available_windows"": 2, ""name"": ""Sit To Lie""}}"
hapt,loso_subject_0,0,8,False,12,9,"{""1"": {""available_windows"": 2, ""name"": ""Walking Upstairs""}, ""3"": {""available_windows"": 2, ""name"": ""Sitting""}, ""4"": {""available_windows"": 4, ""name"": ""Standing""}, ""6"": {""available_windows"": 2, ""name"": ""Stand To Sit""}, ""7"": {""available_windows"": 2, ""name"": ""Sit To Stand""}, ""8"": {""available_windows"": 2, ""name"": ""Sit To Lie""}}"
hapt,loso_subject_0,0,9,False,12,10,"{""1"": {""available_windows"": 2, ""name"": ""Walking Upstairs""}, ""3"": {""available_windows"": 2, ""name"": ""Sitting""}, ""4"": {""available_windows"": 4, ""name"": ""Standing""}, ""6"": {""available_windows"": 2, ""name"": ""Stand To Sit""}, ""7"": {""available_windows"": 2, ""name"": ""Sit To Stand""}, ""8"": {""available_windows"": 2, ""name"": ""Sit To Lie""}}"
hapt,loso_subject_0,0,10,False,12,11,"{""1"": {""available_windows"": 2, ""name"": ""Walking Upstairs""}, ""3"": {""available_windows"": 2, ""name"": ""Sitting""}, ""4"": {""available_windows"": 4, ""name"": ""Standing""}, ""6"": {""available_windows"": 2, ""name"": ""Stand To Sit""}, ""7"": {""available_windows"": 2, ""name"": ""Sit To Stand""}, ""8"": {""available_windows"": 2, ""name"": ""Sit To Lie""}}"
hapt,loso_subject_0,0,11,False,12,12,"{""1"": {""available_windows"": 2, ""name"": ""Walking Upstairs""}, ""3"": {""available_windows"": 2, ""name"": ""Sitting""}, ""4"": {""available_windows"": 4, ""name"": ""Standing""}, ""6"": {""available_windows"": 2, ""name"": ""Stand To Sit""}, ""7"": {""available_windows"": 2, ""name"": ""Sit To Stand""}, ""8"": {""available_windows"": 2, ""name"": ""Sit To Lie""}}"
hapt,loso_subject_0,0,12,False,12,13,"{""1"": {""available_windows"": 2, ""name"": ""Walking Upstairs""}, ""3"": {""available_windows"": 2, ""name"": ""Sitting""}, ""4"": {""available_windows"": 4, ""name"": ""Standing""}, ""6"": {""available_windows"": 2, ""name"": ""Stand To Sit""}, ""7"": {""available_windows"": 2, ""name"": ""Sit To Stand""}, ""8"": {""available_windows"": 2, ""name"": ""Sit To Lie""}}"
hapt,loso_subject_0,0,13,False,12,14,"{""1"": {""available_windows"": 2, ""name"": ""Walking Upstairs""}, ""3"": {""available_windows"": 2, ""name"": ""Sitting""}, ""4"": {""available_windows"": 4, ""name"": ""Standing""}, ""6"": {""available_windows"": 2, ""name"": ""Stand To Sit""}, ""7"": {""available_windows"": 2, ""name"": ""Sit To Stand""}, ""8"": {""available_windows"": 2, ""name"": ""Sit To Lie""}}"
hapt,loso_subject_0,0,14,False,12,15,"{""1"": {""available_windows"": 2, ""name"": ""Walking Upstairs""}, ""3"": {""available_windows"": 2, ""name"": ""Sitting""}, ""4"": {""available_windows"": 4, ""name"": ""Standing""}, ""6"": {""available_windows"": 2, ""name"": ""Stand To Sit""}, ""7"": {""available_windows"": 2, ""name"": ""Sit To Stand""}, ""8"": {""available_windows"": 2, ""name"": ""Sit To Lie""}}"
hapt,loso_subject_0,0,15,False,12,16,"{""1"": {""available_windows"": 2, ""name"": ""Walking Upstairs""}, ""3"": {""available_windows"": 2, ""name"": ""Sitting""}, ""4"": {""available_windows"": 4, ""name"": ""Standing""}, ""6"": {""available_windows"": 2, ""name"": ""Stand To Sit""}, ""7"": {""available_windows"": 2, ""name"": ""Sit To Stand""}, ""8"": {""available_windows"": 2, ""name"": ""Sit To Lie""}}"
hapt,loso_subject_0,0,16,False,12,17,"{""1"": {""available_windows"": 2, ""name"": ""Walking Upstairs""}, ""3"": {""available_windows"": 2, ""name"": ""Sitting""}, ""4"": {""available_windows"": 4, ""name"": ""Standing""}, ""6"": {""available_windows"": 2, ""name"": ""Stand To Sit""}, ""7"": {""available_windows"": 2, ""name"": ""Sit To Stand""}, ""8"": {""available_windows"": 2, ""name"": ""Sit To Lie""}}"
hapt,loso_subject_1,1,0,True,12,1,{}
hapt,loso_subject_1,1,1,True,12,2,{}
hapt,loso_subject_1,1,2,False,12,3,"{""1"": {""available_windows"": 2, ""name"": ""Walking Upstairs""}, ""3"": {""available_windows"": 2, ""name"": ""Sitting""}, ""7"": {""available_windows"": 2, ""name"": ""Sit To Stand""}, ""8"": {""available_windows"": 2, ""name"": ""Sit To Lie""}}"
hapt,loso_subject_1,1,3,False,12,4,"{""1"": {""available_windows"": 2, ""name"": ""Walking Upstairs""}, ""3"": {""available_windows"": 2, ""name"": ""Sitting""}, ""6"": {""available_windows"": 3, ""name"": ""Stand To Sit""}, ""7"": {""available_windows"": 2, ""name"": ""Sit To Stand""}, ""8"": {""available_windows"": 2, ""name"": ""Sit To Lie""}}"
hapt,loso_subject_1,1,4,False,12,5,"{""1"": {""available_windows"": 2, ""name"": ""Walking Upstairs""}, ""3"": {""available_windows"": 2, ""name"": ""Sitting""}, ""4"": {""available_windows"": 4, ""name"": ""Standing""}, ""6"": {""available_windows"": 3, ""name"": ""Stand To Sit""}, ""7"": {""available_windows"": 2, ""name"": ""Sit To Stand""}, ""8"": {""available_windows"": 2, ""name"": ""Sit To Lie""}}"
hapt,loso_subject_1,1,5,False,12,6,"{""1"": {""available_windows"": 2, ""name"": ""Walking Upstairs""}, ""3"": {""available_windows"": 2, ""name"": ""Sitting""}, ""4"": {""available_windows"": 4, ""name"": ""Standing""}, ""6"": {""available_windows"": 3, ""name"": ""Stand To Sit""}, ""7"": {""available_windows"": 2, ""name"": ""Sit To Stand""}, ""8"": {""available_windows"": 2, ""name"": ""Sit To Lie""}}"
hapt,loso_subject_1,1,6,False,12,7,"{""1"": {""available_windows"": 2, ""name"": ""Walking Upstairs""}, ""3"": {""available_windows"": 2, ""name"": ""Sitting""}, ""4"": {""available_windows"": 4, ""name"": ""Standing""}, ""6"": {""available_windows"": 3, ""name"": ""Stand To Sit""}, ""7"": {""available_windows"": 2, ""name"": ""Sit To Stand""}, ""8"": {""available_windows"": 2, ""name"": ""Sit To Lie""}}"
hapt,loso_subject_1,1,7,False,12,8,"{""1"": {""available_windows"": 2, ""name"": ""Walking Upstairs""}, ""3"": {""available_windows"": 2, ""name"": ""Sitting""}, ""4"": {""available_windows"": 4, ""name"": ""Standing""}, ""6"": {""available_windows"": 3, ""name"": ""Stand To Sit""}, ""7"": {""available_windows"": 2, ""name"": ""Sit To Stand""}, ""8"": {""available_windows"": 2, ""name"": ""Sit To Lie""}}"
hapt,loso_subject_1,1,8,False,12,9,"{""1"": {""available_windows"": 2, ""name"": ""Walking Upstairs""}, ""3"": {""available_windows"": 2, ""name"": ""Sitting""}, ""4"": {""available_windows"": 4, ""name"": ""Standing""}, ""6"": {""available_windows"": 3, ""name"": ""Stand To Sit""}, ""7"": {""available_windows"": 2, ""name"": ""Sit To Stand""}, ""8"": {""available_windows"": 2, ""name"": ""Sit To Lie""}}"
hapt,loso_subject_1,1,9,False,12,10,"{""1"": {""available_windows"": 2, ""name"": ""Walking Upstairs""}, ""3"": {""available_windows"": 2, ""name"": ""Sitting""}, ""4"": {""available_windows"": 4, ""name"": ""Standing""}, ""6"": {""available_windows"": 3, ""name"": ""Stand To Sit""}, ""7"": {""available_windows"": 2, ""name"": ""Sit To Stand""}, ""8"": {""available_windows"": 2, ""name"": ""Sit To Lie""}}"
hapt,loso_subject_1,1,10,False,12,11,"{""1"": {""available_windows"": 2, ""name"": ""Walking Upstairs""}, ""3"": {""available_windows"": 2, ""name"": ""Sitting""}, ""4"": {""available_windows"": 4, ""name"": ""Standing""}, ""6"": {""available_windows"": 3, ""name"": ""Stand To Sit""}, ""7"": {""available_windows"": 2, ""name"": ""Sit To Stand""}, ""8"": {""available_windows"": 2, ""name"": ""Sit To Lie""}}"
hapt,loso_subject_1,1,11,False,12,12,"{""1"": {""available_windows"": 2, ""name"": ""Walking Upstairs""}, ""3"": {""available_windows"": 2, ""name"": ""Sitting""}, ""4"": {""available_windows"": 4, ""name"": ""Standing""}, ""6"": {""available_windows"": 3, ""name"": ""Stand To Sit""}, ""7"": {""available_windows"": 2, ""name"": ""Sit To Stand""}, ""8"": {""available_windows"": 2, ""name"": ""Sit To Lie""}}"
hapt,loso_subject_1,1,12,False,12,13,"{""1"": {""available_windows"": 2, ""name"": ""Walking Upstairs""}, ""3"": {""available_windows"": 2, ""name"": ""Sitting""}, ""4"": {""available_windows"": 4, ""name"": ""Standing""}, ""6"": {""available_windows"": 3, ""name"": ""Stand To Sit""}, ""7"": {""available_windows"": 2, ""name"": ""Sit To Stand""}, ""8"": {""available_windows"": 2, ""name"": ""Sit To Lie""}}"
hapt,loso_subject_1,1,13,False,12,14,"{""1"": {""available_windows"": 2, ""name"": ""Walking Upstairs""}, ""3"": {""available_windows"": 2, ""name"": ""Sitting""}, ""4"": {""available_windows"": 4, ""name"": ""Standing""}, ""6"": {""available_windows"": 3, ""name"": ""Stand To Sit""}, ""7"": {""available_windows"": 2, ""name"": ""Sit To Stand""}, ""8"": {""available_windows"": 2, ""name"": ""Sit To Lie""}}"
hapt,loso_subject_1,1,14,False,12,15,"{""1"": {""available_windows"": 2, ""name"": ""Walking Upstairs""}, ""3"": {""available_windows"": 2, ""name"": ""Sitting""}, ""4"": {""available_windows"": 4, ""name"": ""Standing""}, ""6"": {""available_windows"": 3, ""name"": ""Stand To Sit""}, ""7"": {""available_windows"": 2, ""name"": ""Sit To Stand""}, ""8"": {""available_windows"": 2, ""name"": ""Sit To Lie""}}"
hapt,loso_subject_1,1,15,False,12,16,"{""1"": {""available_windows"": 2, ""name"": ""Walking Upstairs""}, ""3"": {""available_windows"": 2, ""name"": ""Sitting""}, ""4"": {""available_windows"": 4, ""name"": ""Standing""}, ""6"": {""available_windows"": 3, ""name"": ""Stand To Sit""}, ""7"": {""available_windows"": 2, ""name"": ""Sit To Stand""}, ""8"": {""available_windows"": 2, ""name"": ""Sit To Lie""}}"
hapt,loso_subject_1,1,16,False,12,17,"{""1"": {""available_windows"": 2, ""name"": ""Walking Upstairs""}, ""3"": {""available_windows"": 2, ""name"": ""Sitting""}, ""4"": {""available_windows"": 4, ""name"": ""Standing""}, ""6"": {""available_windows"": 3, ""name"": ""Stand To Sit""}, ""7"": {""available_windows"": 2, ""name"": ""Sit To Stand""}, ""8"": {""available_windows"": 2, ""name"": ""Sit To Lie""}}"
hapt,loso_subject_2,2,0,True,12,1,{}
hapt,loso_subject_2,2,1,False,12,2,"{""3"": {""available_windows"": 1, ""name"": ""Sitting""}}"
hapt,loso_subject_2,2,2,False,12,3,"{""1"": {""available_windows"": 2, ""name"": ""Walking Upstairs""}, ""3"": {""available_windows"": 1, ""name"": ""Sitting""}, ""4"": {""available_windows"": 2, ""name"": ""Standing""}, ""6"": {""available_windows"": 2, ""name"": ""Stand To Sit""}, ""7"": {""available_windows"": 2, ""name"": ""Sit To Stand""}, ""8"": {""available_windows"": 2, ""name"": ""Sit To Lie""}}"
hapt,loso_subject_2,2,3,False,12,4,"{""1"": {""available_windows"": 2, ""name"": ""Walking Upstairs""}, ""3"": {""available_windows"": 1, ""name"": ""Sitting""}, ""4"": {""available_windows"": 2, ""name"": ""Standing""}, ""6"": {""available_windows"": 2, ""name"": ""Stand To Sit""}, ""7"": {""available_windows"": 2, ""name"": ""Sit To Stand""}, ""8"": {""available_windows"": 2, ""name"": ""Sit To Lie""}}"
hapt,loso_subject_2,2,4,False,12,5,"{""1"": {""available_windows"": 2, ""name"": ""Walking Upstairs""}, ""3"": {""available_windows"": 1, ""name"": ""Sitting""}, ""4"": {""available_windows"": 2, ""name"": ""Standing""}, ""6"": {""available_windows"": 2, ""name"": ""Stand To Sit""}, ""7"": {""available_windows"": 2, ""name"": ""Sit To Stand""}, ""8"": {""available_windows"": 2, ""name"": ""Sit To Lie""}}"
hapt,loso_subject_2,2,5,False,12,6,"{""1"": {""available_windows"": 2, ""name"": ""Walking Upstairs""}, ""3"": {""available_windows"": 1, ""name"": ""Sitting""}, ""4"": {""available_windows"": 2, ""name"": ""Standing""}, ""6"": {""available_windows"": 2, ""name"": ""Stand To Sit""}, ""7"": {""available_windows"": 2, ""name"": ""Sit To Stand""}, ""8"": {""available_windows"": 2, ""name"": ""Sit To Lie""}}"
hapt,loso_subject_2,2,6,False,12,7,"{""1"": {""available_windows"": 2, ""name"": ""Walking Upstairs""}, ""3"": {""available_windows"": 1, ""name"": ""Sitting""}, ""4"": {""available_windows"": 2, ""name"": ""Standing""}, ""6"": {""available_windows"": 2, ""name"": ""Stand To Sit""}, ""7"": {""available_windows"": 2, ""name"": ""Sit To Stand""}, ""8"": {""available_windows"": 2, ""name"": ""Sit To Lie""}}"
hapt,loso_subject_2,2,7,False,12,8,"{""1"": {""available_windows"": 2, ""name"": ""Walking Upstairs""}, ""3"": {""available_windows"": 1, ""name"": ""Sitting""}, ""4"": {""available_windows"": 2, ""name"": ""Standing""}, ""6"": {""available_windows"": 2, ""name"": ""Stand To Sit""}, ""7"": {""available_windows"": 2, ""name"": ""Sit To Stand""}, ""8"": {""available_windows"": 2, ""name"": ""Sit To Lie""}}"
hapt,loso_subject_2,2,8,False,12,9,"{""1"": {""available_windows"": 2, ""name"": ""Walking Upstairs""}, ""3"": {""available_windows"": 1, ""name"": ""Sitting""}, ""4"": {""available_windows"": 2, ""name"": ""Standing""}, ""6"": {""available_windows"": 2, ""name"": ""Stand To Sit""}, ""7"": {""available_windows"": 2, ""name"": ""Sit To Stand""}, ""8"": {""available_windows"": 2, ""name"": ""Sit To Lie""}}"
hapt,loso_subject_2,2,9,False,12,10,"{""1"": {""available_windows"": 2, ""name"": ""Walking Upstairs""}, ""3"": {""available_windows"": 1, ""name"": ""Sitting""}, ""4"": {""available_windows"": 2, ""name"": ""Standing""}, ""6"": {""available_windows"": 2, ""name"": ""Stand To Sit""}, ""7"": {""available_windows"": 2, ""name"": ""Sit To Stand""}, ""8"": {""available_windows"": 2, ""name"": ""Sit To Lie""}}"
hapt,loso_subject_2,2,10,False,12,11,"{""1"": {""available_windows"": 2, ""name"": ""Walking Upstairs""}, ""3"": {""available_windows"": 1, ""name"": ""Sitting""}, ""4"": {""available_windows"": 2, ""name"": ""Standing""}, ""6"": {""available_windows"": 2, ""name"": ""Stand To Sit""}, ""7"": {""available_windows"": 2, ""name"": ""Sit To Stand""}, ""8"": {""available_windows"": 2, ""name"": ""Sit To Lie""}}"
hapt,loso_subject_2,2,11,False,12,12,"{""1"": {""available_windows"": 2, ""name"": ""Walking Upstairs""}, ""3"": {""available_windows"": 1, ""name"": ""Sitting""}, ""4"": {""available_windows"": 2, ""name"": ""Standing""}, ""6"": {""available_windows"": 2, ""name"": ""Stand To Sit""}, ""7"": {""available_windows"": 2, ""name"": ""Sit To Stand""}, ""8"": {""available_windows"": 2, ""name"": ""Sit To Lie""}}"
hapt,loso_subject_2,2,12,False,12,13,"{""1"": {""available_windows"": 2, ""name"": ""Walking Upstairs""}, ""3"": {""available_windows"": 1, ""name"": ""Sitting""}, ""4"": {""available_windows"": 2, ""name"": ""Standing""}, ""6"": {""available_windows"": 2, ""name"": ""Stand To Sit""}, ""7"": {""available_windows"": 2, ""name"": ""Sit To Stand""}, ""8"": {""available_windows"": 2, ""name"": ""Sit To Lie""}}"
hapt,loso_subject_2,2,13,False,12,14,"{""1"": {""available_windows"": 2, ""name"": ""Walking Upstairs""}, ""3"": {""available_windows"": 1, ""name"": ""Sitting""}, ""4"": {""available_windows"": 2, ""name"": ""Standing""}, ""6"": {""available_windows"": 2, ""name"": ""Stand To Sit""}, ""7"": {""available_windows"": 2, ""name"": ""Sit To Stand""}, ""8"": {""available_windows"": 2, ""name"": ""Sit To Lie""}}"
hapt,loso_subject_2,2,14,False,12,15,"{""1"": {""available_windows"": 2, ""name"": ""Walking Upstairs""}, ""3"": {""available_windows"": 1, ""name"": ""Sitting""}, ""4"": {""available_windows"": 2, ""name"": ""Standing""}, ""6"": {""available_windows"": 2, ""name"": ""Stand To Sit""}, ""7"": {""available_windows"": 2, ""name"": ""Sit To Stand""}, ""8"": {""available_windows"": 2, ""name"": ""Sit To Lie""}}"
hapt,loso_subject_2,2,15,False,12,16,"{""1"": {""available_windows"": 2, ""name"": ""Walking Upstairs""}, ""3"": {""available_windows"": 1, ""name"": ""Sitting""}, ""4"": {""available_windows"": 2, ""name"": ""Standing""}, ""6"": {""available_windows"": 2, ""name"": ""Stand To Sit""}, ""7"": {""available_windows"": 2, ""name"": ""Sit To Stand""}, ""8"": {""available_windows"": 2, ""name"": ""Sit To Lie""}}"
hapt,loso_subject_2,2,16,False,12,17,"{""1"": {""available_windows"": 2, ""name"": ""Walking Upstairs""}, ""3"": {""available_windows"": 1, ""name"": ""Sitting""}, ""4"": {""available_windows"": 2, ""name"": ""Standing""}, ""6"": {""available_windows"": 2, ""name"": ""Stand To Sit""}, ""7"": {""available_windows"": 2, ""name"": ""Sit To Stand""}, ""8"": {""available_windows"": 2, ""name"": ""Sit To Lie""}}"
hapt,loso_subject_3,3,0,True,12,1,{}
hapt,loso_subject_3,3,1,True,12,2,{}
hapt,loso_subject_3,3,2,False,12,3,"{""1"": {""available_windows"": 2, ""name"": ""Walking Upstairs""}, ""3"": {""available_windows"": 2, ""name"": ""Sitting""}, ""6"": {""available_windows"": 2, ""name"": ""Stand To Sit""}, ""7"": {""available_windows"": 2, ""name"": ""Sit To Stand""}, ""8"": {""available_windows"": 2, ""name"": ""Sit To Lie""}}"
hapt,loso_subject_3,3,3,False,12,4,"{""1"": {""available_windows"": 2, ""name"": ""Walking Upstairs""}, ""3"": {""available_windows"": 2, ""name"": ""Sitting""}, ""6"": {""available_windows"": 2, ""name"": ""Stand To Sit""}, ""7"": {""available_windows"": 2, ""name"": ""Sit To Stand""}, ""8"": {""available_windows"": 2, ""name"": ""Sit To Lie""}}"
hapt,loso_subject_3,3,4,False,12,5,"{""1"": {""available_windows"": 2, ""name"": ""Walking Upstairs""}, ""3"": {""available_windows"": 2, ""name"": ""Sitting""}, ""4"": {""available_windows"": 4, ""name"": ""Standing""}, ""6"": {""available_windows"": 2, ""name"": ""Stand To Sit""}, ""7"": {""available_windows"": 2, ""name"": ""Sit To Stand""}, ""8"": {""available_windows"": 2, ""name"": ""Sit To Lie""}}"
hapt,loso_subject_3,3,5,False,12,6,"{""1"": {""available_windows"": 2, ""name"": ""Walking Upstairs""}, ""3"": {""available_windows"": 2, ""name"": ""Sitting""}, ""4"": {""available_windows"": 4, ""name"": ""Standing""}, ""6"": {""available_windows"": 2, ""name"": ""Stand To Sit""}, ""7"": {""available_windows"": 2, ""name"": ""Sit To Stand""}, ""8"": {""available_windows"": 2, ""name"": ""Sit To Lie""}}"
hapt,loso_subject_3,3,6,False,12,7,"{""1"": {""available_windows"": 2, ""name"": ""Walking Upstairs""}, ""3"": {""available_windows"": 2, ""name"": ""Sitting""}, ""4"": {""available_windows"": 4, ""name"": ""Standing""}, ""6"": {""available_windows"": 2, ""name"": ""Stand To Sit""}, ""7"": {""available_windows"": 2, ""name"": ""Sit To Stand""}, ""8"": {""available_windows"": 2, ""name"": ""Sit To Lie""}}"
hapt,loso_subject_3,3,7,False,12,8,"{""1"": {""available_windows"": 2, ""name"": ""Walking Upstairs""}, ""3"": {""available_windows"": 2, ""name"": ""Sitting""}, ""4"": {""available_windows"": 4, ""name"": ""Standing""}, ""6"": {""available_windows"": 2, ""name"": ""Stand To Sit""}, ""7"": {""available_windows"": 2, ""name"": ""Sit To Stand""}, ""8"": {""available_windows"": 2, ""name"": ""Sit To Lie""}}"
hapt,loso_subject_3,3,8,False,12,9,"{""1"": {""available_windows"": 2, ""name"": ""Walking Upstairs""}, ""3"": {""available_windows"": 2, ""name"": ""Sitting""}, ""4"": {""available_windows"": 4, ""name"": ""Standing""}, ""6"": {""available_windows"": 2, ""name"": ""Stand To Sit""}, ""7"": {""available_windows"": 2, ""name"": ""Sit To Stand""}, ""8"": {""available_windows"": 2, ""name"": ""Sit To Lie""}}"
hapt,loso_subject_3,3,9,False,12,10,"{""1"": {""available_windows"": 2, ""name"": ""Walking Upstairs""}, ""3"": {""available_windows"": 2, ""name"": ""Sitting""}, ""4"": {""available_windows"": 4, ""name"": ""Standing""}, ""6"": {""available_windows"": 2, ""name"": ""Stand To Sit""}, ""7"": {""available_windows"": 2, ""name"": ""Sit To Stand""}, ""8"": {""available_windows"": 2, ""name"": ""Sit To Lie""}}"
hapt,loso_subject_3,3,10,False,12,11,"{""1"": {""available_windows"": 2, ""name"": ""Walking Upstairs""}, ""3"": {""available_windows"": 2, ""name"": ""Sitting""}, ""4"": {""available_windows"": 4, ""name"": ""Standing""}, ""6"": {""available_windows"": 2, ""name"": ""Stand To Sit""}, ""7"": {""available_windows"": 2, ""name"": ""Sit To Stand""}, ""8"": {""available_windows"": 2, ""name"": ""Sit To Lie""}}"
hapt,loso_subject_3,3,11,False,12,12,"{""1"": {""available_windows"": 2, ""name"": ""Walking Upstairs""}, ""3"": {""available_windows"": 2, ""name"": ""Sitting""}, ""4"": {""available_windows"": 4, ""name"": ""Standing""}, ""6"": {""available_windows"": 2, ""name"": ""Stand To Sit""}, ""7"": {""available_windows"": 2, ""name"": ""Sit To Stand""}, ""8"": {""available_windows"": 2, ""name"": ""Sit To Lie""}}"
hapt,loso_subject_3,3,12,False,12,13,"{""1"": {""available_windows"": 2, ""name"": ""Walking Upstairs""}, ""3"": {""available_windows"": 2, ""name"": ""Sitting""}, ""4"": {""available_windows"": 4, ""name"": ""Standing""}, ""6"": {""available_windows"": 2, ""name"": ""Stand To Sit""}, ""7"": {""available_windows"": 2, ""name"": ""Sit To Stand""}, ""8"": {""available_windows"": 2, ""name"": ""Sit To Lie""}}"
hapt,loso_subject_3,3,13,False,12,14,"{""1"": {""available_windows"": 2, ""name"": ""Walking Upstairs""}, ""3"": {""available_windows"": 2, ""name"": ""Sitting""}, ""4"": {""available_windows"": 4, ""name"": ""Standing""}, ""6"": {""available_windows"": 2, ""name"": ""Stand To Sit""}, ""7"": {""available_windows"": 2, ""name"": ""Sit To Stand""}, ""8"": {""available_windows"": 2, ""name"": ""Sit To Lie""}}"
hapt,loso_subject_3,3,14,False,12,15,"{""1"": {""available_windows"": 2, ""name"": ""Walking Upstairs""}, ""3"": {""available_windows"": 2, ""name"": ""Sitting""}, ""4"": {""available_windows"": 4, ""name"": ""Standing""}, ""6"": {""available_windows"": 2, ""name"": ""Stand To Sit""}, ""7"": {""available_windows"": 2, ""name"": ""Sit To Stand""}, ""8"": {""available_windows"": 2, ""name"": ""Sit To Lie""}}"
hapt,loso_subject_3,3,15,False,12,16,"{""1"": {""available_windows"": 2, ""name"": ""Walking Upstairs""}, ""3"": {""available_windows"": 2, ""name"": ""Sitting""}, ""4"": {""available_windows"": 4, ""name"": ""Standing""}, ""6"": {""available_windows"": 2, ""name"": ""Stand To Sit""}, ""7"": {""available_windows"": 2, ""name"": ""Sit To Stand""}, ""8"": {""available_windows"": 2, ""name"": ""Sit To Lie""}}"
hapt,loso_subject_3,3,16,False,12,17,"{""1"": {""available_windows"": 2, ""name"": ""Walking Upstairs""}, ""3"": {""available_windows"": 2, ""name"": ""Sitting""}, ""4"": {""available_windows"": 4, ""name"": ""Standing""}, ""6"": {""available_windows"": 2, ""name"": ""Stand To Sit""}, ""7"": {""available_windows"": 2, ""name"": ""Sit To Stand""}, ""8"": {""available_windows"": 2, ""name"": ""Sit To Lie""}}"
hapt,loso_subject_4,4,0,True,12,1,{}
hapt,loso_subject_4,4,1,False,12,2,"{""3"": {""available_windows"": 1, ""name"": ""Sitting""}}"
hapt,loso_subject_4,4,2,False,12,3,"{""1"": {""available_windows"": 2, ""name"": ""Walking Upstairs""}, ""3"": {""available_windows"": 1, ""name"": ""Sitting""}, ""6"": {""available_windows"": 2, ""name"": ""Stand To Sit""}, ""8"": {""available_windows"": 2, ""name"": ""Sit To Lie""}}"
hapt,loso_subject_4,4,3,False,12,4,"{""1"": {""available_windows"": 2, ""name"": ""Walking Upstairs""}, ""3"": {""available_windows"": 1, ""name"": ""Sitting""}, ""6"": {""available_windows"": 2, ""name"": ""Stand To Sit""}, ""7"": {""available_windows"": 3, ""name"": ""Sit To Stand""}, ""8"": {""available_windows"": 2, ""name"": ""Sit To Lie""}}"
hapt,loso_subject_4,4,4,False,12,5,"{""1"": {""available_windows"": 2, ""name"": ""Walking Upstairs""}, ""3"": {""available_windows"": 1, ""name"": ""Sitting""}, ""4"": {""available_windows"": 4, ""name"": ""Standing""}, ""6"": {""available_windows"": 2, ""name"": ""Stand To Sit""}, ""7"": {""available_windows"": 3, ""name"": ""Sit To Stand""}, ""8"": {""available_windows"": 2, ""name"": ""Sit To Lie""}}"
hapt,loso_subject_4,4,5,False,12,6,"{""1"": {""available_windows"": 2, ""name"": ""Walking Upstairs""}, ""3"": {""available_windows"": 1, ""name"": ""Sitting""}, ""4"": {""available_windows"": 4, ""name"": ""Standing""}, ""6"": {""available_windows"": 2, ""name"": ""Stand To Sit""}, ""7"": {""available_windows"": 3, ""name"": ""Sit To Stand""}, ""8"": {""available_windows"": 2, ""name"": ""Sit To Lie""}}"
hapt,loso_subject_4,4,6,False,12,7,"{""1"": {""available_windows"": 2, ""name"": ""Walking Upstairs""}, ""3"": {""available_windows"": 1, ""name"": ""Sitting""}, ""4"": {""available_windows"": 4, ""name"": ""Standing""}, ""6"": {""available_windows"": 2, ""name"": ""Stand To Sit""}, ""7"": {""available_windows"": 3, ""name"": ""Sit To Stand""}, ""8"": {""available_windows"": 2, ""name"": ""Sit To Lie""}}"
hapt,loso_subject_4,4,7,False,12,8,"{""1"": {""available_windows"": 2, ""name"": ""Walking Upstairs""}, ""3"": {""available_windows"": 1, ""name"": ""Sitting""}, ""4"": {""available_windows"": 4, ""name"": ""Standing""}, ""6"": {""available_windows"": 2, ""name"": ""Stand To Sit""}, ""7"": {""available_windows"": 3, ""name"": ""Sit To Stand""}, ""8"": {""available_windows"": 2, ""name"": ""Sit To Lie""}}"
hapt,loso_subject_4,4,8,False,12,9,"{""1"": {""available_windows"": 2, ""name"": ""Walking Upstairs""}, ""3"": {""available_windows"": 1, ""name"": ""Sitting""}, ""4"": {""available_windows"": 4, ""name"": ""Standing""}, ""6"": {""available_windows"": 2, ""name"": ""Stand To Sit""}, ""7"": {""available_windows"": 3, ""name"": ""Sit To Stand""}, ""8"": {""available_windows"": 2, ""name"": ""Sit To Lie""}}"
hapt,loso_subject_4,4,9,False,12,10,"{""1"": {""available_windows"": 2, ""name"": ""Walking Upstairs""}, ""3"": {""available_windows"": 1, ""name"": ""Sitting""}, ""4"": {""available_windows"": 4, ""name"": ""Standing""}, ""6"": {""available_windows"": 2, ""name"": ""Stand To Sit""}, ""7"": {""available_windows"": 3, ""name"": ""Sit To Stand""}, ""8"": {""available_windows"": 2, ""name"": ""Sit To Lie""}}"
hapt,loso_subject_4,4,10,False,12,11,"{""1"": {""available_windows"": 2, ""name"": ""Walking Upstairs""}, ""3"": {""available_windows"": 1, ""name"": ""Sitting""}, ""4"": {""available_windows"": 4, ""name"": ""Standing""}, ""6"": {""available_windows"": 2, ""name"": ""Stand To Sit""}, ""7"": {""available_windows"": 3, ""name"": ""Sit To Stand""}, ""8"": {""available_windows"": 2, ""name"": ""Sit To Lie""}}"
hapt,loso_subject_4,4,11,False,12,12,"{""1"": {""available_windows"": 2, ""name"": ""Walking Upstairs""}, ""3"": {""available_windows"": 1, ""name"": ""Sitting""}, ""4"": {""available_windows"": 4, ""name"": ""Standing""}, ""6"": {""available_windows"": 2, ""name"": ""Stand To Sit""}, ""7"": {""available_windows"": 3, ""name"": ""Sit To Stand""}, ""8"": {""available_windows"": 2, ""name"": ""Sit To Lie""}}"
hapt,loso_subject_4,4,12,False,12,13,"{""1"": {""available_windows"": 2, ""name"": ""Walking Upstairs""}, ""3"": {""available_windows"": 1, ""name"": ""Sitting""}, ""4"": {""available_windows"": 4, ""name"": ""Standing""}, ""6"": {""available_windows"": 2, ""name"": ""Stand To Sit""}, ""7"": {""available_windows"": 3, ""name"": ""Sit To Stand""}, ""8"": {""available_windows"": 2, ""name"": ""Sit To Lie""}}"
hapt,loso_subject_4,4,13,False,12,14,"{""1"": {""available_windows"": 2, ""name"": ""Walking Upstairs""}, ""3"": {""available_windows"": 1, ""name"": ""Sitting""}, ""4"": {""available_windows"": 4, ""name"": ""Standing""}, ""6"": {""available_windows"": 2, ""name"": ""Stand To Sit""}, ""7"": {""available_windows"": 3, ""name"": ""Sit To Stand""}, ""8"": {""available_windows"": 2, ""name"": ""Sit To Lie""}}"
hapt,loso_subject_4,4,14,False,12,15,"{""1"": {""available_windows"": 2, ""name"": ""Walking Upstairs""}, ""3"": {""available_windows"": 1, ""name"": ""Sitting""}, ""4"": {""available_windows"": 4, ""name"": ""Standing""}, ""6"": {""available_windows"": 2, ""name"": ""Stand To Sit""}, ""7"": {""available_windows"": 3, ""name"": ""Sit To Stand""}, ""8"": {""available_windows"": 2, ""name"": ""Sit To Lie""}}"
hapt,loso_subject_4,4,15,False,12,16,"{""1"": {""available_windows"": 2, ""name"": ""Walking Upstairs""}, ""3"": {""available_windows"": 1, ""name"": ""Sitting""}, ""4"": {""available_windows"": 4, ""name"": ""Standing""}, ""6"": {""available_windows"": 2, ""name"": ""Stand To Sit""}, ""7"": {""available_windows"": 3, ""name"": ""Sit To Stand""}, ""8"": {""available_windows"": 2, ""name"": ""Sit To Lie""}}"
hapt,loso_subject_4,4,16,False,12,17,"{""1"": {""available_windows"": 2, ""name"": ""Walking Upstairs""}, ""3"": {""available_windows"": 1, ""name"": ""Sitting""}, ""4"": {""available_windows"": 4, ""name"": ""Standing""}, ""6"": {""available_windows"": 2, ""name"": ""Stand To Sit""}, ""7"": {""available_windows"": 3, ""name"": ""Sit To Stand""}, ""8"": {""available_windows"": 2, ""name"": ""Sit To Lie""}}"
hapt,loso_subject_5,5,0,True,12,1,{}
hapt,loso_subject_5,5,1,False,12,2,"{""3"": {""available_windows"": 1, ""name"": ""Sitting""}}"
hapt,loso_subject_5,5,2,False,12,3,"{""1"": {""available_windows"": 2, ""name"": ""Walking Upstairs""}, ""3"": {""available_windows"": 1, ""name"": ""Sitting""}, ""6"": {""available_windows"": 2, ""name"": ""Stand To Sit""}, ""7"": {""available_windows"": 2, ""name"": ""Sit To Stand""}, ""8"": {""available_windows"": 2, ""name"": ""Sit To Lie""}}"
hapt,loso_subject_5,5,3,False,12,4,"{""1"": {""available_windows"": 2, ""name"": ""Walking Upstairs""}, ""3"": {""available_windows"": 1, ""name"": ""Sitting""}, ""6"": {""available_windows"": 2, ""name"": ""Stand To Sit""}, ""7"": {""available_windows"": 2, ""name"": ""Sit To Stand""}, ""8"": {""available_windows"": 2, ""name"": ""Sit To Lie""}}"
hapt,loso_subject_5,5,4,False,12,5,"{""1"": {""available_windows"": 2, ""name"": ""Walking Upstairs""}, ""3"": {""available_windows"": 1, ""name"": ""Sitting""}, ""4"": {""available_windows"": 4, ""name"": ""Standing""}, ""6"": {""available_windows"": 2, ""name"": ""Stand To Sit""}, ""7"": {""available_windows"": 2, ""name"": ""Sit To Stand""}, ""8"": {""available_windows"": 2, ""name"": ""Sit To Lie""}}"
hapt,loso_subject_5,5,5,False,12,6,"{""1"": {""available_windows"": 2, ""name"": ""Walking Upstairs""}, ""3"": {""available_windows"": 1, ""name"": ""Sitting""}, ""4"": {""available_windows"": 4, ""name"": ""Standing""}, ""6"": {""available_windows"": 2, ""name"": ""Stand To Sit""}, ""7"": {""available_windows"": 2, ""name"": ""Sit To Stand""}, ""8"": {""available_windows"": 2, ""name"": ""Sit To Lie""}}"
hapt,loso_subject_5,5,6,False,12,7,"{""1"": {""available_windows"": 2, ""name"": ""Walking Upstairs""}, ""3"": {""available_windows"": 1, ""name"": ""Sitting""}, ""4"": {""available_windows"": 4, ""name"": ""Standing""}, ""6"": {""available_windows"": 2, ""name"": ""Stand To Sit""}, ""7"": {""available_windows"": 2, ""name"": ""Sit To Stand""}, ""8"": {""available_windows"": 2, ""name"": ""Sit To Lie""}}"
hapt,loso_subject_5,5,7,False,12,8,"{""1"": {""available_windows"": 2, ""name"": ""Walking Upstairs""}, ""3"": {""available_windows"": 1, ""name"": ""Sitting""}, ""4"": {""available_windows"": 4, ""name"": ""Standing""}, ""6"": {""available_windows"": 2, ""name"": ""Stand To Sit""}, ""7"": {""available_windows"": 2, ""name"": ""Sit To Stand""}, ""8"": {""available_windows"": 2, ""name"": ""Sit To Lie""}}"
hapt,loso_subject_5,5,8,False,12,9,"{""1"": {""available_windows"": 2, ""name"": ""Walking Upstairs""}, ""3"": {""available_windows"": 1, ""name"": ""Sitting""}, ""4"": {""available_windows"": 4, ""name"": ""Standing""}, ""6"": {""available_windows"": 2, ""name"": ""Stand To Sit""}, ""7"": {""available_windows"": 2, ""name"": ""Sit To Stand""}, ""8"": {""available_windows"": 2, ""name"": ""Sit To Lie""}}"
hapt,loso_subject_5,5,9,False,12,10,"{""1"": {""available_windows"": 2, ""name"": ""Walking Upstairs""}, ""3"": {""available_windows"": 1, ""name"": ""Sitting""}, ""4"": {""available_windows"": 4, ""name"": ""Standing""}, ""6"": {""available_windows"": 2, ""name"": ""Stand To Sit""}, ""7"": {""available_windows"": 2, ""name"": ""Sit To Stand""}, ""8"": {""available_windows"": 2, ""name"": ""Sit To Lie""}}"
hapt,loso_subject_5,5,10,False,12,11,"{""1"": {""available_windows"": 2, ""name"": ""Walking Upstairs""}, ""3"": {""available_windows"": 1, ""name"": ""Sitting""}, ""4"": {""available_windows"": 4, ""name"": ""Standing""}, ""6"": {""available_windows"": 2, ""name"": ""Stand To Sit""}, ""7"": {""available_windows"": 2, ""name"": ""Sit To Stand""}, ""8"": {""available_windows"": 2, ""name"": ""Sit To Lie""}}"
hapt,loso_subject_5,5,11,False,12,12,"{""1"": {""available_windows"": 2, ""name"": ""Walking Upstairs""}, ""3"": {""available_windows"": 1, ""name"": ""Sitting""}, ""4"": {""available_windows"": 4, ""name"": ""Standing""}, ""6"": {""available_windows"": 2, ""name"": ""Stand To Sit""}, ""7"": {""available_windows"": 2, ""name"": ""Sit To Stand""}, ""8"": {""available_windows"": 2, ""name"": ""Sit To Lie""}}"
hapt,loso_subject_5,5,12,False,12,13,"{""1"": {""available_windows"": 2, ""name"": ""Walking Upstairs""}, ""3"": {""available_windows"": 1, ""name"": ""Sitting""}, ""4"": {""available_windows"": 4, ""name"": ""Standing""}, ""6"": {""available_windows"": 2, ""name"": ""Stand To Sit""}, ""7"": {""available_windows"": 2, ""name"": ""Sit To Stand""}, ""8"": {""available_windows"": 2, ""name"": ""Sit To Lie""}}"
hapt,loso_subject_5,5,13,False,12,14,"{""1"": {""available_windows"": 2, ""name"": ""Walking Upstairs""}, ""3"": {""available_windows"": 1, ""name"": ""Sitting""}, ""4"": {""available_windows"": 4, ""name"": ""Standing""}, ""6"": {""available_windows"": 2, ""name"": ""Stand To Sit""}, ""7"": {""available_windows"": 2, ""name"": ""Sit To Stand""}, ""8"": {""available_windows"": 2, ""name"": ""Sit To Lie""}}"
hapt,loso_subject_5,5,14,False,12,15,"{""1"": {""available_windows"": 2, ""name"": ""Walking Upstairs""}, ""3"": {""available_windows"": 1, ""name"": ""Sitting""}, ""4"": {""available_windows"": 4, ""name"": ""Standing""}, ""6"": {""available_windows"": 2, ""name"": ""Stand To Sit""}, ""7"": {""available_windows"": 2, ""name"": ""Sit To Stand""}, ""8"": {""available_windows"": 2, ""name"": ""Sit To Lie""}}"
hapt,loso_subject_5,5,15,False,12,16,"{""1"": {""available_windows"": 2, ""name"": ""Walking Upstairs""}, ""3"": {""available_windows"": 1, ""name"": ""Sitting""}, ""4"": {""available_windows"": 4, ""name"": ""Standing""}, ""6"": {""available_windows"": 2, ""name"": ""Stand To Sit""}, ""7"": {""available_windows"": 2, ""name"": ""Sit To Stand""}, ""8"": {""available_windows"": 2, ""name"": ""Sit To Lie""}}"
hapt,loso_subject_5,5,16,False,12,17,"{""1"": {""available_windows"": 2, ""name"": ""Walking Upstairs""}, ""3"": {""available_windows"": 1, ""name"": ""Sitting""}, ""4"": {""available_windows"": 4, ""name"": ""Standing""}, ""6"": {""available_windows"": 2, ""name"": ""Stand To Sit""}, ""7"": {""available_windows"": 2, ""name"": ""Sit To Stand""}, ""8"": {""available_windows"": 2, ""name"": ""Sit To Lie""}}"
hapt,loso_subject_6,6,0,True,10,1,{}
hapt,loso_subject_6,6,1,False,10,2,"{""6"": {""available_windows"": 1, ""name"": ""Stand To Sit""}}"
hapt,loso_subject_6,6,2,False,10,3,"{""4"": {""available_windows"": 2, ""name"": ""Standing""}, ""6"": {""available_windows"": 1, ""name"": ""Stand To Sit""}, ""8"": {""available_windows"": 2, ""name"": ""Sit To Lie""}}"
hapt,loso_subject_6,6,3,False,10,4,"{""4"": {""available_windows"": 2, ""name"": ""Standing""}, ""6"": {""available_windows"": 1, ""name"": ""Stand To Sit""}, ""7"": {""available_windows"": 3, ""name"": ""Sit To Stand""}, ""8"": {""available_windows"": 2, ""name"": ""Sit To Lie""}}"
hapt,loso_subject_6,6,4,False,10,5,"{""4"": {""available_windows"": 2, ""name"": ""Standing""}, ""6"": {""available_windows"": 1, ""name"": ""Stand To Sit""}, ""7"": {""available_windows"": 3, ""name"": ""Sit To Stand""}, ""8"": {""available_windows"": 2, ""name"": ""Sit To Lie""}}"
hapt,loso_subject_6,6,5,False,10,6,"{""4"": {""available_windows"": 2, ""name"": ""Standing""}, ""6"": {""available_windows"": 1, ""name"": ""Stand To Sit""}, ""7"": {""available_windows"": 3, ""name"": ""Sit To Stand""}, ""8"": {""available_windows"": 2, ""name"": ""Sit To Lie""}}"
hapt,loso_subject_6,6,6,False,10,7,"{""4"": {""available_windows"": 2, ""name"": ""Standing""}, ""6"": {""available_windows"": 1, ""name"": ""Stand To Sit""}, ""7"": {""available_windows"": 3, ""name"": ""Sit To Stand""}, ""8"": {""available_windows"": 2, ""name"": ""Sit To Lie""}}"
hapt,loso_subject_6,6,7,False,10,8,"{""4"": {""available_windows"": 2, ""name"": ""Standing""}, ""6"": {""available_windows"": 1, ""name"": ""Stand To Sit""}, ""7"": {""available_windows"": 3, ""name"": ""Sit To Stand""}, ""8"": {""available_windows"": 2, ""name"": ""Sit To Lie""}}"
hapt,loso_subject_6,6,8,False,10,9,"{""4"": {""available_windows"": 2, ""name"": ""Standing""}, ""6"": {""available_windows"": 1, ""name"": ""Stand To Sit""}, ""7"": {""available_windows"": 3, ""name"": ""Sit To Stand""}, ""8"": {""available_windows"": 2, ""name"": ""Sit To Lie""}}"
hapt,loso_subject_6,6,9,False,10,10,"{""4"": {""available_windows"": 2, ""name"": ""Standing""}, ""6"": {""available_windows"": 1, ""name"": ""Stand To Sit""}, ""7"": {""available_windows"": 3, ""name"": ""Sit To Stand""}, ""8"": {""available_windows"": 2, ""name"": ""Sit To Lie""}}"
hapt,loso_subject_6,6,10,False,10,11,"{""4"": {""available_windows"": 2, ""name"": ""Standing""}, ""6"": {""available_windows"": 1, ""name"": ""Stand To Sit""}, ""7"": {""available_windows"": 3, ""name"": ""Sit To Stand""}, ""8"": {""available_windows"": 2, ""name"": ""Sit To Lie""}}"
hapt,loso_subject_6,6,11,False,10,12,"{""4"": {""available_windows"": 2, ""name"": ""Standing""}, ""6"": {""available_windows"": 1, ""name"": ""Stand To Sit""}, ""7"": {""available_windows"": 3, ""name"": ""Sit To Stand""}, ""8"": {""available_windows"": 2, ""name"": ""Sit To Lie""}}"
hapt,loso_subject_6,6,12,False,10,13,"{""4"": {""available_windows"": 2, ""name"": ""Standing""}, ""6"": {""available_windows"": 1, ""name"": ""Stand To Sit""}, ""7"": {""available_windows"": 3, ""name"": ""Sit To Stand""}, ""8"": {""available_windows"": 2, ""name"": ""Sit To Lie""}}"
hapt,loso_subject_6,6,13,False,10,14,"{""4"": {""available_windows"": 2, ""name"": ""Standing""}, ""6"": {""available_windows"": 1, ""name"": ""Stand To Sit""}, ""7"": {""available_windows"": 3, ""name"": ""Sit To Stand""}, ""8"": {""available_windows"": 2, ""name"": ""Sit To Lie""}}"
hapt,loso_subject_6,6,14,False,10,15,"{""4"": {""available_windows"": 2, ""name"": ""Standing""}, ""6"": {""available_windows"": 1, ""name"": ""Stand To Sit""}, ""7"": {""available_windows"": 3, ""name"": ""Sit To Stand""}, ""8"": {""available_windows"": 2, ""name"": ""Sit To Lie""}}"
hapt,loso_subject_6,6,15,False,10,16,"{""4"": {""available_windows"": 2, ""name"": ""Standing""}, ""6"": {""available_windows"": 1, ""name"": ""Stand To Sit""}, ""7"": {""available_windows"": 3, ""name"": ""Sit To Stand""}, ""8"": {""available_windows"": 2, ""name"": ""Sit To Lie""}}"
hapt,loso_subject_6,6,16,False,10,17,"{""4"": {""available_windows"": 2, ""name"": ""Standing""}, ""6"": {""available_windows"": 1, ""name"": ""Stand To Sit""}, ""7"": {""available_windows"": 3, ""name"": ""Sit To Stand""}, ""8"": {""available_windows"": 2, ""name"": ""Sit To Lie""}}"
hapt,loso_subject_7,7,0,True,11,1,{}
hapt,loso_subject_7,7,1,False,11,2,"{""1"": {""available_windows"": 1, ""name"": ""Walking Upstairs""}, ""8"": {""available_windows"": 1, ""name"": ""Sit To Lie""}}"
hapt,loso_subject_7,7,2,False,11,3,"{""1"": {""available_windows"": 1, ""name"": ""Walking Upstairs""}, ""4"": {""available_windows"": 2, ""name"": ""Standing""}, ""7"": {""available_windows"": 2, ""name"": ""Sit To Stand""}, ""8"": {""available_windows"": 1, ""name"": ""Sit To Lie""}}"
hapt,loso_subject_7,7,3,False,11,4,"{""1"": {""available_windows"": 1, ""name"": ""Walking Upstairs""}, ""4"": {""available_windows"": 2, ""name"": ""Standing""}, ""6"": {""available_windows"": 3, ""name"": ""Stand To Sit""}, ""7"": {""available_windows"": 2, ""name"": ""Sit To Stand""}, ""8"": {""available_windows"": 1, ""name"": ""Sit To Lie""}}"
hapt,loso_subject_7,7,4,False,11,5,"{""1"": {""available_windows"": 1, ""name"": ""Walking Upstairs""}, ""4"": {""available_windows"": 2, ""name"": ""Standing""}, ""6"": {""available_windows"": 3, ""name"": ""Stand To Sit""}, ""7"": {""available_windows"": 2, ""name"": ""Sit To Stand""}, ""8"": {""available_windows"": 1, ""name"": ""Sit To Lie""}}"
hapt,loso_subject_7,7,5,False,11,6,"{""1"": {""available_windows"": 1, ""name"": ""Walking Upstairs""}, ""4"": {""available_windows"": 2, ""name"": ""Standing""}, ""6"": {""available_windows"": 3, ""name"": ""Stand To Sit""}, ""7"": {""available_windows"": 2, ""name"": ""Sit To Stand""}, ""8"": {""available_windows"": 1, ""name"": ""Sit To Lie""}}"
hapt,loso_subject_7,7,6,False,11,7,"{""1"": {""available_windows"": 1, ""name"": ""Walking Upstairs""}, ""4"": {""available_windows"": 2, ""name"": ""Standing""}, ""6"": {""available_windows"": 3, ""name"": ""Stand To Sit""}, ""7"": {""available_windows"": 2, ""name"": ""Sit To Stand""}, ""8"": {""available_windows"": 1, ""name"": ""Sit To Lie""}}"
hapt,loso_subject_7,7,7,False,11,8,"{""1"": {""available_windows"": 1, ""name"": ""Walking Upstairs""}, ""4"": {""available_windows"": 2, ""name"": ""Standing""}, ""6"": {""available_windows"": 3, ""name"": ""Stand To Sit""}, ""7"": {""available_windows"": 2, ""name"": ""Sit To Stand""}, ""8"": {""available_windows"": 1, ""name"": ""Sit To Lie""}}"
hapt,loso_subject_7,7,8,False,11,9,"{""1"": {""available_windows"": 1, ""name"": ""Walking Upstairs""}, ""4"": {""available_windows"": 2, ""name"": ""Standing""}, ""6"": {""available_windows"": 3, ""name"": ""Stand To Sit""}, ""7"": {""available_windows"": 2, ""name"": ""Sit To Stand""}, ""8"": {""available_windows"": 1, ""name"": ""Sit To Lie""}}"
hapt,loso_subject_7,7,9,False,11,10,"{""1"": {""available_windows"": 1, ""name"": ""Walking Upstairs""}, ""4"": {""available_windows"": 2, ""name"": ""Standing""}, ""6"": {""available_windows"": 3, ""name"": ""Stand To Sit""}, ""7"": {""available_windows"": 2, ""name"": ""Sit To Stand""}, ""8"": {""available_windows"": 1, ""name"": ""Sit To Lie""}}"
hapt,loso_subject_7,7,10,False,11,11,"{""1"": {""available_windows"": 1, ""name"": ""Walking Upstairs""}, ""4"": {""available_windows"": 2, ""name"": ""Standing""}, ""6"": {""available_windows"": 3, ""name"": ""Stand To Sit""}, ""7"": {""available_windows"": 2, ""name"": ""Sit To Stand""}, ""8"": {""available_windows"": 1, ""name"": ""Sit To Lie""}}"
hapt,loso_subject_7,7,11,False,11,12,"{""1"": {""available_windows"": 1, ""name"": ""Walking Upstairs""}, ""4"": {""available_windows"": 2, ""name"": ""Standing""}, ""6"": {""available_windows"": 3, ""name"": ""Stand To Sit""}, ""7"": {""available_windows"": 2, ""name"": ""Sit To Stand""}, ""8"": {""available_windows"": 1, ""name"": ""Sit To Lie""}}"
hapt,loso_subject_7,7,12,False,11,13,"{""1"": {""available_windows"": 1, ""name"": ""Walking Upstairs""}, ""4"": {""available_windows"": 2, ""name"": ""Standing""}, ""6"": {""available_windows"": 3, ""name"": ""Stand To Sit""}, ""7"": {""available_windows"": 2, ""name"": ""Sit To Stand""}, ""8"": {""available_windows"": 1, ""name"": ""Sit To Lie""}}"
hapt,loso_subject_7,7,13,False,11,14,"{""1"": {""available_windows"": 1, ""name"": ""Walking Upstairs""}, ""4"": {""available_windows"": 2, ""name"": ""Standing""}, ""6"": {""available_windows"": 3, ""name"": ""Stand To Sit""}, ""7"": {""available_windows"": 2, ""name"": ""Sit To Stand""}, ""8"": {""available_windows"": 1, ""name"": ""Sit To Lie""}}"
hapt,loso_subject_7,7,14,False,11,15,"{""1"": {""available_windows"": 1, ""name"": ""Walking Upstairs""}, ""4"": {""available_windows"": 2, ""name"": ""Standing""}, ""6"": {""available_windows"": 3, ""name"": ""Stand To Sit""}, ""7"": {""available_windows"": 2, ""name"": ""Sit To Stand""}, ""8"": {""available_windows"": 1, ""name"": ""Sit To Lie""}}"
hapt,loso_subject_7,7,15,False,11,16,"{""1"": {""available_windows"": 1, ""name"": ""Walking Upstairs""}, ""4"": {""available_windows"": 2, ""name"": ""Standing""}, ""6"": {""available_windows"": 3, ""name"": ""Stand To Sit""}, ""7"": {""available_windows"": 2, ""name"": ""Sit To Stand""}, ""8"": {""available_windows"": 1, ""name"": ""Sit To Lie""}}"
hapt,loso_subject_7,7,16,False,11,17,"{""1"": {""available_windows"": 1, ""name"": ""Walking Upstairs""}, ""4"": {""available_windows"": 2, ""name"": ""Standing""}, ""6"": {""available_windows"": 3, ""name"": ""Stand To Sit""}, ""7"": {""available_windows"": 2, ""name"": ""Sit To Stand""}, ""8"": {""available_windows"": 1, ""name"": ""Sit To Lie""}}"
hapt,loso_subject_8,8,0,True,11,1,{}
hapt,loso_subject_8,8,1,False,11,2,"{""1"": {""available_windows"": 1, ""name"": ""Walking Upstairs""}, ""6"": {""available_windows"": 1, ""name"": ""Stand To Sit""}}"
hapt,loso_subject_8,8,2,False,11,3,"{""1"": {""available_windows"": 1, ""name"": ""Walking Upstairs""}, ""6"": {""available_windows"": 1, ""name"": ""Stand To Sit""}, ""7"": {""available_windows"": 2, ""name"": ""Sit To Stand""}, ""8"": {""available_windows"": 2, ""name"": ""Sit To Lie""}}"
hapt,loso_subject_8,8,3,False,11,4,"{""1"": {""available_windows"": 1, ""name"": ""Walking Upstairs""}, ""4"": {""available_windows"": 3, ""name"": ""Standing""}, ""6"": {""available_windows"": 1, ""name"": ""Stand To Sit""}, ""7"": {""available_windows"": 2, ""name"": ""Sit To Stand""}, ""8"": {""available_windows"": 2, ""name"": ""Sit To Lie""}}"
hapt,loso_subject_8,8,4,False,11,5,"{""1"": {""available_windows"": 1, ""name"": ""Walking Upstairs""}, ""4"": {""available_windows"": 3, ""name"": ""Standing""}, ""6"": {""available_windows"": 1, ""name"": ""Stand To Sit""}, ""7"": {""available_windows"": 2, ""name"": ""Sit To Stand""}, ""8"": {""available_windows"": 2, ""name"": ""Sit To Lie""}}"
hapt,loso_subject_8,8,5,False,11,6,"{""1"": {""available_windows"": 1, ""name"": ""Walking Upstairs""}, ""4"": {""available_windows"": 3, ""name"": ""Standing""}, ""6"": {""available_windows"": 1, ""name"": ""Stand To Sit""}, ""7"": {""available_windows"": 2, ""name"": ""Sit To Stand""}, ""8"": {""available_windows"": 2, ""name"": ""Sit To Lie""}}"
hapt,loso_subject_8,8,6,False,11,7,"{""1"": {""available_windows"": 1, ""name"": ""Walking Upstairs""}, ""4"": {""available_windows"": 3, ""name"": ""Standing""}, ""6"": {""available_windows"": 1, ""name"": ""Stand To Sit""}, ""7"": {""available_windows"": 2, ""name"": ""Sit To Stand""}, ""8"": {""available_windows"": 2, ""name"": ""Sit To Lie""}}"
hapt,loso_subject_8,8,7,False,11,8,"{""1"": {""available_windows"": 1, ""name"": ""Walking Upstairs""}, ""4"": {""available_windows"": 3, ""name"": ""Standing""}, ""6"": {""available_windows"": 1, ""name"": ""Stand To Sit""}, ""7"": {""available_windows"": 2, ""name"": ""Sit To Stand""}, ""8"": {""available_windows"": 2, ""name"": ""Sit To Lie""}}"
hapt,loso_subject_8,8,8,False,11,9,"{""1"": {""available_windows"": 1, ""name"": ""Walking Upstairs""}, ""4"": {""available_windows"": 3, ""name"": ""Standing""}, ""6"": {""available_windows"": 1, ""name"": ""Stand To Sit""}, ""7"": {""available_windows"": 2, ""name"": ""Sit To Stand""}, ""8"": {""available_windows"": 2, ""name"": ""Sit To Lie""}}"
hapt,loso_subject_8,8,9,False,11,10,"{""1"": {""available_windows"": 1, ""name"": ""Walking Upstairs""}, ""4"": {""available_windows"": 3, ""name"": ""Standing""}, ""6"": {""available_windows"": 1, ""name"": ""Stand To Sit""}, ""7"": {""available_windows"": 2, ""name"": ""Sit To Stand""}, ""8"": {""available_windows"": 2, ""name"": ""Sit To Lie""}}"
hapt,loso_subject_8,8,10,False,11,11,"{""1"": {""available_windows"": 1, ""name"": ""Walking Upstairs""}, ""4"": {""available_windows"": 3, ""name"": ""Standing""}, ""6"": {""available_windows"": 1, ""name"": ""Stand To Sit""}, ""7"": {""available_windows"": 2, ""name"": ""Sit To Stand""}, ""8"": {""available_windows"": 2, ""name"": ""Sit To Lie""}}"
hapt,loso_subject_8,8,11,False,11,12,"{""1"": {""available_windows"": 1, ""name"": ""Walking Upstairs""}, ""4"": {""available_windows"": 3, ""name"": ""Standing""}, ""6"": {""available_windows"": 1, ""name"": ""Stand To Sit""}, ""7"": {""available_windows"": 2, ""name"": ""Sit To Stand""}, ""8"": {""available_windows"": 2, ""name"": ""Sit To Lie""}}"
hapt,loso_subject_8,8,12,False,11,13,"{""1"": {""available_windows"": 1, ""name"": ""Walking Upstairs""}, ""4"": {""available_windows"": 3, ""name"": ""Standing""}, ""6"": {""available_windows"": 1, ""name"": ""Stand To Sit""}, ""7"": {""available_windows"": 2, ""name"": ""Sit To Stand""}, ""8"": {""available_windows"": 2, ""name"": ""Sit To Lie""}}"
hapt,loso_subject_8,8,13,False,11,14,"{""1"": {""available_windows"": 1, ""name"": ""Walking Upstairs""}, ""4"": {""available_windows"": 3, ""name"": ""Standing""}, ""6"": {""available_windows"": 1, ""name"": ""Stand To Sit""}, ""7"": {""available_windows"": 2, ""name"": ""Sit To Stand""}, ""8"": {""available_windows"": 2, ""name"": ""Sit To Lie""}}"
hapt,loso_subject_8,8,14,False,11,15,"{""1"": {""available_windows"": 1, ""name"": ""Walking Upstairs""}, ""4"": {""available_windows"": 3, ""name"": ""Standing""}, ""6"": {""available_windows"": 1, ""name"": ""Stand To Sit""}, ""7"": {""available_windows"": 2, ""name"": ""Sit To Stand""}, ""8"": {""available_windows"": 2, ""name"": ""Sit To Lie""}}"
hapt,loso_subject_8,8,15,False,11,16,"{""1"": {""available_windows"": 1, ""name"": ""Walking Upstairs""}, ""4"": {""available_windows"": 3, ""name"": ""Standing""}, ""6"": {""available_windows"": 1, ""name"": ""Stand To Sit""}, ""7"": {""available_windows"": 2, ""name"": ""Sit To Stand""}, ""8"": {""available_windows"": 2, ""name"": ""Sit To Lie""}}"
hapt,loso_subject_8,8,16,False,11,17,"{""1"": {""available_windows"": 1, ""name"": ""Walking Upstairs""}, ""4"": {""available_windows"": 3, ""name"": ""Standing""}, ""6"": {""available_windows"": 1, ""name"": ""Stand To Sit""}, ""7"": {""available_windows"": 2, ""name"": ""Sit To Stand""}, ""8"": {""available_windows"": 2, ""name"": ""Sit To Lie""}}"
hapt,loso_subject_9,9,0,True,11,1,{}
hapt,loso_subject_9,9,1,False,11,2,"{""1"": {""available_windows"": 1, ""name"": ""Walking Upstairs""}, ""6"": {""available_windows"": 1, ""name"": ""Stand To Sit""}, ""8"": {""available_windows"": 1, ""name"": ""Sit To Lie""}}"
hapt,loso_subject_9,9,2,False,11,3,"{""1"": {""available_windows"": 1, ""name"": ""Walking Upstairs""}, ""4"": {""available_windows"": 2, ""name"": ""Standing""}, ""6"": {""available_windows"": 1, ""name"": ""Stand To Sit""}, ""7"": {""available_windows"": 2, ""name"": ""Sit To Stand""}, ""8"": {""available_windows"": 1, ""name"": ""Sit To Lie""}}"
hapt,loso_subject_9,9,3,False,11,4,"{""1"": {""available_windows"": 1, ""name"": ""Walking Upstairs""}, ""4"": {""available_windows"": 2, ""name"": ""Standing""}, ""6"": {""available_windows"": 1, ""name"": ""Stand To Sit""}, ""7"": {""available_windows"": 2, ""name"": ""Sit To Stand""}, ""8"": {""available_windows"": 1, ""name"": ""Sit To Lie""}}"
hapt,loso_subject_9,9,4,False,11,5,"{""1"": {""available_windows"": 1, ""name"": ""Walking Upstairs""}, ""4"": {""available_windows"": 2, ""name"": ""Standing""}, ""6"": {""available_windows"": 1, ""name"": ""Stand To Sit""}, ""7"": {""available_windows"": 2, ""name"": ""Sit To Stand""}, ""8"": {""available_windows"": 1, ""name"": ""Sit To Lie""}}"
hapt,loso_subject_9,9,5,False,11,6,"{""1"": {""available_windows"": 1, ""name"": ""Walking Upstairs""}, ""4"": {""available_windows"": 2, ""name"": ""Standing""}, ""6"": {""available_windows"": 1, ""name"": ""Stand To Sit""}, ""7"": {""available_windows"": 2, ""name"": ""Sit To Stand""}, ""8"": {""available_windows"": 1, ""name"": ""Sit To Lie""}}"
hapt,loso_subject_9,9,6,False,11,7,"{""1"": {""available_windows"": 1, ""name"": ""Walking Upstairs""}, ""4"": {""available_windows"": 2, ""name"": ""Standing""}, ""6"": {""available_windows"": 1, ""name"": ""Stand To Sit""}, ""7"": {""available_windows"": 2, ""name"": ""Sit To Stand""}, ""8"": {""available_windows"": 1, ""name"": ""Sit To Lie""}}"
hapt,loso_subject_9,9,7,False,11,8,"{""1"": {""available_windows"": 1, ""name"": ""Walking Upstairs""}, ""4"": {""available_windows"": 2, ""name"": ""Standing""}, ""6"": {""available_windows"": 1, ""name"": ""Stand To Sit""}, ""7"": {""available_windows"": 2, ""name"": ""Sit To Stand""}, ""8"": {""available_windows"": 1, ""name"": ""Sit To Lie""}}"
hapt,loso_subject_9,9,8,False,11,9,"{""1"": {""available_windows"": 1, ""name"": ""Walking Upstairs""}, ""4"": {""available_windows"": 2, ""name"": ""Standing""}, ""6"": {""available_windows"": 1, ""name"": ""Stand To Sit""}, ""7"": {""available_windows"": 2, ""name"": ""Sit To Stand""}, ""8"": {""available_windows"": 1, ""name"": ""Sit To Lie""}}"
hapt,loso_subject_9,9,9,False,11,10,"{""1"": {""available_windows"": 1, ""name"": ""Walking Upstairs""}, ""4"": {""available_windows"": 2, ""name"": ""Standing""}, ""6"": {""available_windows"": 1, ""name"": ""Stand To Sit""}, ""7"": {""available_windows"": 2, ""name"": ""Sit To Stand""}, ""8"": {""available_windows"": 1, ""name"": ""Sit To Lie""}}"
hapt,loso_subject_9,9,10,False,11,11,"{""1"": {""available_windows"": 1, ""name"": ""Walking Upstairs""}, ""4"": {""available_windows"": 2, ""name"": ""Standing""}, ""6"": {""available_windows"": 1, ""name"": ""Stand To Sit""}, ""7"": {""available_windows"": 2, ""name"": ""Sit To Stand""}, ""8"": {""available_windows"": 1, ""name"": ""Sit To Lie""}}"
hapt,loso_subject_9,9,11,False,11,12,"{""1"": {""available_windows"": 1, ""name"": ""Walking Upstairs""}, ""4"": {""available_windows"": 2, ""name"": ""Standing""}, ""6"": {""available_windows"": 1, ""name"": ""Stand To Sit""}, ""7"": {""available_windows"": 2, ""name"": ""Sit To Stand""}, ""8"": {""available_windows"": 1, ""name"": ""Sit To Lie""}}"
hapt,loso_subject_9,9,12,False,11,13,"{""1"": {""available_windows"": 1, ""name"": ""Walking Upstairs""}, ""4"": {""available_windows"": 2, ""name"": ""Standing""}, ""6"": {""available_windows"": 1, ""name"": ""Stand To Sit""}, ""7"": {""available_windows"": 2, ""name"": ""Sit To Stand""}, ""8"": {""available_windows"": 1, ""name"": ""Sit To Lie""}}"
hapt,loso_subject_9,9,13,False,11,14,"{""1"": {""available_windows"": 1, ""name"": ""Walking Upstairs""}, ""4"": {""available_windows"": 2, ""name"": ""Standing""}, ""6"": {""available_windows"": 1, ""name"": ""Stand To Sit""}, ""7"": {""available_windows"": 2, ""name"": ""Sit To Stand""}, ""8"": {""available_windows"": 1, ""name"": ""Sit To Lie""}}"
hapt,loso_subject_9,9,14,False,11,15,"{""1"": {""available_windows"": 1, ""name"": ""Walking Upstairs""}, ""4"": {""available_windows"": 2, ""name"": ""Standing""}, ""6"": {""available_windows"": 1, ""name"": ""Stand To Sit""}, ""7"": {""available_windows"": 2, ""name"": ""Sit To Stand""}, ""8"": {""available_windows"": 1, ""name"": ""Sit To Lie""}}"
hapt,loso_subject_9,9,15,False,11,16,"{""1"": {""available_windows"": 1, ""name"": ""Walking Upstairs""}, ""4"": {""available_windows"": 2, ""name"": ""Standing""}, ""6"": {""available_windows"": 1, ""name"": ""Stand To Sit""}, ""7"": {""available_windows"": 2, ""name"": ""Sit To Stand""}, ""8"": {""available_windows"": 1, ""name"": ""Sit To Lie""}}"
hapt,loso_subject_9,9,16,False,11,17,"{""1"": {""available_windows"": 1, ""name"": ""Walking Upstairs""}, ""4"": {""available_windows"": 2, ""name"": ""Standing""}, ""6"": {""available_windows"": 1, ""name"": ""Stand To Sit""}, ""7"": {""available_windows"": 2, ""name"": ""Sit To Stand""}, ""8"": {""available_windows"": 1, ""name"": ""Sit To Lie""}}"
hapt,loso_subject_10,10,0,True,12,1,{}
hapt,loso_subject_10,10,1,True,12,2,{}
hapt,loso_subject_10,10,2,False,12,3,"{""1"": {""available_windows"": 2, ""name"": ""Walking Upstairs""}, ""3"": {""available_windows"": 2, ""name"": ""Sitting""}, ""4"": {""available_windows"": 2, ""name"": ""Standing""}, ""6"": {""available_windows"": 2, ""name"": ""Stand To Sit""}, ""7"": {""available_windows"": 2, ""name"": ""Sit To Stand""}, ""8"": {""available_windows"": 2, ""name"": ""Sit To Lie""}}"
hapt,loso_subject_10,10,3,False,12,4,"{""1"": {""available_windows"": 2, ""name"": ""Walking Upstairs""}, ""3"": {""available_windows"": 2, ""name"": ""Sitting""}, ""4"": {""available_windows"": 2, ""name"": ""Standing""}, ""6"": {""available_windows"": 2, ""name"": ""Stand To Sit""}, ""7"": {""available_windows"": 2, ""name"": ""Sit To Stand""}, ""8"": {""available_windows"": 2, ""name"": ""Sit To Lie""}}"
hapt,loso_subject_10,10,4,False,12,5,"{""1"": {""available_windows"": 2, ""name"": ""Walking Upstairs""}, ""3"": {""available_windows"": 2, ""name"": ""Sitting""}, ""4"": {""available_windows"": 2, ""name"": ""Standing""}, ""6"": {""available_windows"": 2, ""name"": ""Stand To Sit""}, ""7"": {""available_windows"": 2, ""name"": ""Sit To Stand""}, ""8"": {""available_windows"": 2, ""name"": ""Sit To Lie""}}"
hapt,loso_subject_10,10,5,False,12,6,"{""1"": {""available_windows"": 2, ""name"": ""Walking Upstairs""}, ""3"": {""available_windows"": 2, ""name"": ""Sitting""}, ""4"": {""available_windows"": 2, ""name"": ""Standing""}, ""6"": {""available_windows"": 2, ""name"": ""Stand To Sit""}, ""7"": {""available_windows"": 2, ""name"": ""Sit To Stand""}, ""8"": {""available_windows"": 2, ""name"": ""Sit To Lie""}}"
hapt,loso_subject_10,10,6,False,12,7,"{""1"": {""available_windows"": 2, ""name"": ""Walking Upstairs""}, ""3"": {""available_windows"": 2, ""name"": ""Sitting""}, ""4"": {""available_windows"": 2, ""name"": ""Standing""}, ""6"": {""available_windows"": 2, ""name"": ""Stand To Sit""}, ""7"": {""available_windows"": 2, ""name"": ""Sit To Stand""}, ""8"": {""available_windows"": 2, ""name"": ""Sit To Lie""}}"
hapt,loso_subject_10,10,7,False,12,8,"{""1"": {""available_windows"": 2, ""name"": ""Walking Upstairs""}, ""3"": {""available_windows"": 2, ""name"": ""Sitting""}, ""4"": {""available_windows"": 2, ""name"": ""Standing""}, ""6"": {""available_windows"": 2, ""name"": ""Stand To Sit""}, ""7"": {""available_windows"": 2, ""name"": ""Sit To Stand""}, ""8"": {""available_windows"": 2, ""name"": ""Sit To Lie""}}"
hapt,loso_subject_10,10,8,False,12,9,"{""1"": {""available_windows"": 2, ""name"": ""Walking Upstairs""}, ""3"": {""available_windows"": 2, ""name"": ""Sitting""}, ""4"": {""available_windows"": 2, ""name"": ""Standing""}, ""6"": {""available_windows"": 2, ""name"": ""Stand To Sit""}, ""7"": {""available_windows"": 2, ""name"": ""Sit To Stand""}, ""8"": {""available_windows"": 2, ""name"": ""Sit To Lie""}}"
hapt,loso_subject_10,10,9,False,12,10,"{""1"": {""available_windows"": 2, ""name"": ""Walking Upstairs""}, ""3"": {""available_windows"": 2, ""name"": ""Sitting""}, ""4"": {""available_windows"": 2, ""name"": ""Standing""}, ""6"": {""available_windows"": 2, ""name"": ""Stand To Sit""}, ""7"": {""available_windows"": 2, ""name"": ""Sit To Stand""}, ""8"": {""available_windows"": 2, ""name"": ""Sit To Lie""}}"
hapt,loso_subject_10,10,10,False,12,11,"{""1"": {""available_windows"": 2, ""name"": ""Walking Upstairs""}, ""3"": {""available_windows"": 2, ""name"": ""Sitting""}, ""4"": {""available_windows"": 2, ""name"": ""Standing""}, ""6"": {""available_windows"": 2, ""name"": ""Stand To Sit""}, ""7"": {""available_windows"": 2, ""name"": ""Sit To Stand""}, ""8"": {""available_windows"": 2, ""name"": ""Sit To Lie""}}"
hapt,loso_subject_10,10,11,False,12,12,"{""1"": {""available_windows"": 2, ""name"": ""Walking Upstairs""}, ""3"": {""available_windows"": 2, ""name"": ""Sitting""}, ""4"": {""available_windows"": 2, ""name"": ""Standing""}, ""6"": {""available_windows"": 2, ""name"": ""Stand To Sit""}, ""7"": {""available_windows"": 2, ""name"": ""Sit To Stand""}, ""8"": {""available_windows"": 2, ""name"": ""Sit To Lie""}}"
hapt,loso_subject_10,10,12,False,12,13,"{""1"": {""available_windows"": 2, ""name"": ""Walking Upstairs""}, ""3"": {""available_windows"": 2, ""name"": ""Sitting""}, ""4"": {""available_windows"": 2, ""name"": ""Standing""}, ""6"": {""available_windows"": 2, ""name"": ""Stand To Sit""}, ""7"": {""available_windows"": 2, ""name"": ""Sit To Stand""}, ""8"": {""available_windows"": 2, ""name"": ""Sit To Lie""}}"
hapt,loso_subject_10,10,13,False,12,14,"{""1"": {""available_windows"": 2, ""name"": ""Walking Upstairs""}, ""3"": {""available_windows"": 2, ""name"": ""Sitting""}, ""4"": {""available_windows"": 2, ""name"": ""Standing""}, ""6"": {""available_windows"": 2, ""name"": ""Stand To Sit""}, ""7"": {""available_windows"": 2, ""name"": ""Sit To Stand""}, ""8"": {""available_windows"": 2, ""name"": ""Sit To Lie""}}"
hapt,loso_subject_10,10,14,False,12,15,"{""1"": {""available_windows"": 2, ""name"": ""Walking Upstairs""}, ""3"": {""available_windows"": 2, ""name"": ""Sitting""}, ""4"": {""available_windows"": 2, ""name"": ""Standing""}, ""6"": {""available_windows"": 2, ""name"": ""Stand To Sit""}, ""7"": {""available_windows"": 2, ""name"": ""Sit To Stand""}, ""8"": {""available_windows"": 2, ""name"": ""Sit To Lie""}}"
hapt,loso_subject_10,10,15,False,12,16,"{""1"": {""available_windows"": 2, ""name"": ""Walking Upstairs""}, ""3"": {""available_windows"": 2, ""name"": ""Sitting""}, ""4"": {""available_windows"": 2, ""name"": ""Standing""}, ""6"": {""available_windows"": 2, ""name"": ""Stand To Sit""}, ""7"": {""available_windows"": 2, ""name"": ""Sit To Stand""}, ""8"": {""available_windows"": 2, ""name"": ""Sit To Lie""}}"
hapt,loso_subject_10,10,16,False,12,17,"{""1"": {""available_windows"": 2, ""name"": ""Walking Upstairs""}, ""3"": {""available_windows"": 2, ""name"": ""Sitting""}, ""4"": {""available_windows"": 2, ""name"": ""Standing""}, ""6"": {""available_windows"": 2, ""name"": ""Stand To Sit""}, ""7"": {""available_windows"": 2, ""name"": ""Sit To Stand""}, ""8"": {""available_windows"": 2, ""name"": ""Sit To Lie""}}"
hapt,loso_subject_11,11,0,True,12,1,{}
hapt,loso_subject_11,11,1,False,12,2,"{""3"": {""available_windows"": 1, ""name"": ""Sitting""}}"
hapt,loso_subject_11,11,2,False,12,3,"{""1"": {""available_windows"": 2, ""name"": ""Walking Upstairs""}, ""3"": {""available_windows"": 1, ""name"": ""Sitting""}, ""4"": {""available_windows"": 2, ""name"": ""Standing""}, ""6"": {""available_windows"": 2, ""name"": ""Stand To Sit""}, ""7"": {""available_windows"": 2, ""name"": ""Sit To Stand""}, ""8"": {""available_windows"": 2, ""name"": ""Sit To Lie""}}"
hapt,loso_subject_11,11,3,False,12,4,"{""1"": {""available_windows"": 2, ""name"": ""Walking Upstairs""}, ""3"": {""available_windows"": 1, ""name"": ""Sitting""}, ""4"": {""available_windows"": 2, ""name"": ""Standing""}, ""6"": {""available_windows"": 2, ""name"": ""Stand To Sit""}, ""7"": {""available_windows"": 2, ""name"": ""Sit To Stand""}, ""8"": {""available_windows"": 2, ""name"": ""Sit To Lie""}}"
hapt,loso_subject_11,11,4,False,12,5,"{""1"": {""available_windows"": 2, ""name"": ""Walking Upstairs""}, ""3"": {""available_windows"": 1, ""name"": ""Sitting""}, ""4"": {""available_windows"": 2, ""name"": ""Standing""}, ""6"": {""available_windows"": 2, ""name"": ""Stand To Sit""}, ""7"": {""available_windows"": 2, ""name"": ""Sit To Stand""}, ""8"": {""available_windows"": 2, ""name"": ""Sit To Lie""}}"
hapt,loso_subject_11,11,5,False,12,6,"{""1"": {""available_windows"": 2, ""name"": ""Walking Upstairs""}, ""3"": {""available_windows"": 1, ""name"": ""Sitting""}, ""4"": {""available_windows"": 2, ""name"": ""Standing""}, ""6"": {""available_windows"": 2, ""name"": ""Stand To Sit""}, ""7"": {""available_windows"": 2, ""name"": ""Sit To Stand""}, ""8"": {""available_windows"": 2, ""name"": ""Sit To Lie""}}"
hapt,loso_subject_11,11,6,False,12,7,"{""1"": {""available_windows"": 2, ""name"": ""Walking Upstairs""}, ""3"": {""available_windows"": 1, ""name"": ""Sitting""}, ""4"": {""available_windows"": 2, ""name"": ""Standing""}, ""6"": {""available_windows"": 2, ""name"": ""Stand To Sit""}, ""7"": {""available_windows"": 2, ""name"": ""Sit To Stand""}, ""8"": {""available_windows"": 2, ""name"": ""Sit To Lie""}}"
hapt,loso_subject_11,11,7,False,12,8,"{""1"": {""available_windows"": 2, ""name"": ""Walking Upstairs""}, ""3"": {""available_windows"": 1, ""name"": ""Sitting""}, ""4"": {""available_windows"": 2, ""name"": ""Standing""}, ""6"": {""available_windows"": 2, ""name"": ""Stand To Sit""}, ""7"": {""available_windows"": 2, ""name"": ""Sit To Stand""}, ""8"": {""available_windows"": 2, ""name"": ""Sit To Lie""}}"
hapt,loso_subject_11,11,8,False,12,9,"{""1"": {""available_windows"": 2, ""name"": ""Walking Upstairs""}, ""3"": {""available_windows"": 1, ""name"": ""Sitting""}, ""4"": {""available_windows"": 2, ""name"": ""Standing""}, ""6"": {""available_windows"": 2, ""name"": ""Stand To Sit""}, ""7"": {""available_windows"": 2, ""name"": ""Sit To Stand""}, ""8"": {""available_windows"": 2, ""name"": ""Sit To Lie""}}"
hapt,loso_subject_11,11,9,False,12,10,"{""1"": {""available_windows"": 2, ""name"": ""Walking Upstairs""}, ""3"": {""available_windows"": 1, ""name"": ""Sitting""}, ""4"": {""available_windows"": 2, ""name"": ""Standing""}, ""6"": {""available_windows"": 2, ""name"": ""Stand To Sit""}, ""7"": {""available_windows"": 2, ""name"": ""Sit To Stand""}, ""8"": {""available_windows"": 2, ""name"": ""Sit To Lie""}}"
hapt,loso_subject_11,11,10,False,12,11,"{""1"": {""available_windows"": 2, ""name"": ""Walking Upstairs""}, ""3"": {""available_windows"": 1, ""name"": ""Sitting""}, ""4"": {""available_windows"": 2, ""name"": ""Standing""}, ""6"": {""available_windows"": 2, ""name"": ""Stand To Sit""}, ""7"": {""available_windows"": 2, ""name"": ""Sit To Stand""}, ""8"": {""available_windows"": 2, ""name"": ""Sit To Lie""}}"
hapt,loso_subject_11,11,11,False,12,12,"{""1"": {""available_windows"": 2, ""name"": ""Walking Upstairs""}, ""3"": {""available_windows"": 1, ""name"": ""Sitting""}, ""4"": {""available_windows"": 2, ""name"": ""Standing""}, ""6"": {""available_windows"": 2, ""name"": ""Stand To Sit""}, ""7"": {""available_windows"": 2, ""name"": ""Sit To Stand""}, ""8"": {""available_windows"": 2, ""name"": ""Sit To Lie""}}"
hapt,loso_subject_11,11,12,False,12,13,"{""1"": {""available_windows"": 2, ""name"": ""Walking Upstairs""}, ""3"": {""available_windows"": 1, ""name"": ""Sitting""}, ""4"": {""available_windows"": 2, ""name"": ""Standing""}, ""6"": {""available_windows"": 2, ""name"": ""Stand To Sit""}, ""7"": {""available_windows"": 2, ""name"": ""Sit To Stand""}, ""8"": {""available_windows"": 2, ""name"": ""Sit To Lie""}}"
hapt,loso_subject_11,11,13,False,12,14,"{""1"": {""available_windows"": 2, ""name"": ""Walking Upstairs""}, ""3"": {""available_windows"": 1, ""name"": ""Sitting""}, ""4"": {""available_windows"": 2, ""name"": ""Standing""}, ""6"": {""available_windows"": 2, ""name"": ""Stand To Sit""}, ""7"": {""available_windows"": 2, ""name"": ""Sit To Stand""}, ""8"": {""available_windows"": 2, ""name"": ""Sit To Lie""}}"
hapt,loso_subject_11,11,14,False,12,15,"{""1"": {""available_windows"": 2, ""name"": ""Walking Upstairs""}, ""3"": {""available_windows"": 1, ""name"": ""Sitting""}, ""4"": {""available_windows"": 2, ""name"": ""Standing""}, ""6"": {""available_windows"": 2, ""name"": ""Stand To Sit""}, ""7"": {""available_windows"": 2, ""name"": ""Sit To Stand""}, ""8"": {""available_windows"": 2, ""name"": ""Sit To Lie""}}"
hapt,loso_subject_11,11,15,False,12,16,"{""1"": {""available_windows"": 2, ""name"": ""Walking Upstairs""}, ""3"": {""available_windows"": 1, ""name"": ""Sitting""}, ""4"": {""available_windows"": 2, ""name"": ""Standing""}, ""6"": {""available_windows"": 2, ""name"": ""Stand To Sit""}, ""7"": {""available_windows"": 2, ""name"": ""Sit To Stand""}, ""8"": {""available_windows"": 2, ""name"": ""Sit To Lie""}}"
hapt,loso_subject_11,11,16,False,12,17,"{""1"": {""available_windows"": 2, ""name"": ""Walking Upstairs""}, ""3"": {""available_windows"": 1, ""name"": ""Sitting""}, ""4"": {""available_windows"": 2, ""name"": ""Standing""}, ""6"": {""available_windows"": 2, ""name"": ""Stand To Sit""}, ""7"": {""available_windows"": 2, ""name"": ""Sit To Stand""}, ""8"": {""available_windows"": 2, ""name"": ""Sit To Lie""}}"
hapt,loso_subject_12,12,0,True,12,1,{}
hapt,loso_subject_12,12,1,True,12,2,{}
hapt,loso_subject_12,12,2,False,12,3,"{""1"": {""available_windows"": 2, ""name"": ""Walking Upstairs""}, ""3"": {""available_windows"": 2, ""name"": ""Sitting""}, ""4"": {""available_windows"": 2, ""name"": ""Standing""}, ""6"": {""available_windows"": 2, ""name"": ""Stand To Sit""}, ""7"": {""available_windows"": 2, ""name"": ""Sit To Stand""}}"
hapt,loso_subject_12,12,3,False,12,4,"{""1"": {""available_windows"": 2, ""name"": ""Walking Upstairs""}, ""3"": {""available_windows"": 2, ""name"": ""Sitting""}, ""4"": {""available_windows"": 2, ""name"": ""Standing""}, ""6"": {""available_windows"": 2, ""name"": ""Stand To Sit""}, ""7"": {""available_windows"": 2, ""name"": ""Sit To Stand""}, ""8"": {""available_windows"": 3, ""name"": ""Sit To Lie""}}"
hapt,loso_subject_12,12,4,False,12,5,"{""1"": {""available_windows"": 2, ""name"": ""Walking Upstairs""}, ""3"": {""available_windows"": 2, ""name"": ""Sitting""}, ""4"": {""available_windows"": 2, ""name"": ""Standing""}, ""6"": {""available_windows"": 2, ""name"": ""Stand To Sit""}, ""7"": {""available_windows"": 2, ""name"": ""Sit To Stand""}, ""8"": {""available_windows"": 3, ""name"": ""Sit To Lie""}}"
hapt,loso_subject_12,12,5,False,12,6,"{""1"": {""available_windows"": 2, ""name"": ""Walking Upstairs""}, ""3"": {""available_windows"": 2, ""name"": ""Sitting""}, ""4"": {""available_windows"": 2, ""name"": ""Standing""}, ""6"": {""available_windows"": 2, ""name"": ""Stand To Sit""}, ""7"": {""available_windows"": 2, ""name"": ""Sit To Stand""}, ""8"": {""available_windows"": 3, ""name"": ""Sit To Lie""}}"
hapt,loso_subject_12,12,6,False,12,7,"{""1"": {""available_windows"": 2, ""name"": ""Walking Upstairs""}, ""3"": {""available_windows"": 2, ""name"": ""Sitting""}, ""4"": {""available_windows"": 2, ""name"": ""Standing""}, ""6"": {""available_windows"": 2, ""name"": ""Stand To Sit""}, ""7"": {""available_windows"": 2, ""name"": ""Sit To Stand""}, ""8"": {""available_windows"": 3, ""name"": ""Sit To Lie""}}"
hapt,loso_subject_12,12,7,False,12,8,"{""1"": {""available_windows"": 2, ""name"": ""Walking Upstairs""}, ""3"": {""available_windows"": 2, ""name"": ""Sitting""}, ""4"": {""available_windows"": 2, ""name"": ""Standing""}, ""6"": {""available_windows"": 2, ""name"": ""Stand To Sit""}, ""7"": {""available_windows"": 2, ""name"": ""Sit To Stand""}, ""8"": {""available_windows"": 3, ""name"": ""Sit To Lie""}}"
hapt,loso_subject_12,12,8,False,12,9,"{""1"": {""available_windows"": 2, ""name"": ""Walking Upstairs""}, ""3"": {""available_windows"": 2, ""name"": ""Sitting""}, ""4"": {""available_windows"": 2, ""name"": ""Standing""}, ""6"": {""available_windows"": 2, ""name"": ""Stand To Sit""}, ""7"": {""available_windows"": 2, ""name"": ""Sit To Stand""}, ""8"": {""available_windows"": 3, ""name"": ""Sit To Lie""}}"
hapt,loso_subject_12,12,9,False,12,10,"{""1"": {""available_windows"": 2, ""name"": ""Walking Upstairs""}, ""3"": {""available_windows"": 2, ""name"": ""Sitting""}, ""4"": {""available_windows"": 2, ""name"": ""Standing""}, ""6"": {""available_windows"": 2, ""name"": ""Stand To Sit""}, ""7"": {""available_windows"": 2, ""name"": ""Sit To Stand""}, ""8"": {""available_windows"": 3, ""name"": ""Sit To Lie""}}"
hapt,loso_subject_12,12,10,False,12,11,"{""1"": {""available_windows"": 2, ""name"": ""Walking Upstairs""}, ""3"": {""available_windows"": 2, ""name"": ""Sitting""}, ""4"": {""available_windows"": 2, ""name"": ""Standing""}, ""6"": {""available_windows"": 2, ""name"": ""Stand To Sit""}, ""7"": {""available_windows"": 2, ""name"": ""Sit To Stand""}, ""8"": {""available_windows"": 3, ""name"": ""Sit To Lie""}}"
hapt,loso_subject_12,12,11,False,12,12,"{""1"": {""available_windows"": 2, ""name"": ""Walking Upstairs""}, ""3"": {""available_windows"": 2, ""name"": ""Sitting""}, ""4"": {""available_windows"": 2, ""name"": ""Standing""}, ""6"": {""available_windows"": 2, ""name"": ""Stand To Sit""}, ""7"": {""available_windows"": 2, ""name"": ""Sit To Stand""}, ""8"": {""available_windows"": 3, ""name"": ""Sit To Lie""}}"
hapt,loso_subject_12,12,12,False,12,13,"{""1"": {""available_windows"": 2, ""name"": ""Walking Upstairs""}, ""3"": {""available_windows"": 2, ""name"": ""Sitting""}, ""4"": {""available_windows"": 2, ""name"": ""Standing""}, ""6"": {""available_windows"": 2, ""name"": ""Stand To Sit""}, ""7"": {""available_windows"": 2, ""name"": ""Sit To Stand""}, ""8"": {""available_windows"": 3, ""name"": ""Sit To Lie""}}"
hapt,loso_subject_12,12,13,False,12,14,"{""1"": {""available_windows"": 2, ""name"": ""Walking Upstairs""}, ""3"": {""available_windows"": 2, ""name"": ""Sitting""}, ""4"": {""available_windows"": 2, ""name"": ""Standing""}, ""6"": {""available_windows"": 2, ""name"": ""Stand To Sit""}, ""7"": {""available_windows"": 2, ""name"": ""Sit To Stand""}, ""8"": {""available_windows"": 3, ""name"": ""Sit To Lie""}}"
hapt,loso_subject_12,12,14,False,12,15,"{""1"": {""available_windows"": 2, ""name"": ""Walking Upstairs""}, ""3"": {""available_windows"": 2, ""name"": ""Sitting""}, ""4"": {""available_windows"": 2, ""name"": ""Standing""}, ""6"": {""available_windows"": 2, ""name"": ""Stand To Sit""}, ""7"": {""available_windows"": 2, ""name"": ""Sit To Stand""}, ""8"": {""available_windows"": 3, ""name"": ""Sit To Lie""}}"
hapt,loso_subject_12,12,15,False,12,16,"{""1"": {""available_windows"": 2, ""name"": ""Walking Upstairs""}, ""3"": {""available_windows"": 2, ""name"": ""Sitting""}, ""4"": {""available_windows"": 2, ""name"": ""Standing""}, ""6"": {""available_windows"": 2, ""name"": ""Stand To Sit""}, ""7"": {""available_windows"": 2, ""name"": ""Sit To Stand""}, ""8"": {""available_windows"": 3, ""name"": ""Sit To Lie""}}"
hapt,loso_subject_12,12,16,False,12,17,"{""1"": {""available_windows"": 2, ""name"": ""Walking Upstairs""}, ""3"": {""available_windows"": 2, ""name"": ""Sitting""}, ""4"": {""available_windows"": 2, ""name"": ""Standing""}, ""6"": {""available_windows"": 2, ""name"": ""Stand To Sit""}, ""7"": {""available_windows"": 2, ""name"": ""Sit To Stand""}, ""8"": {""available_windows"": 3, ""name"": ""Sit To Lie""}}"
hapt,loso_subject_13,13,0,True,12,1,{}
hapt,loso_subject_13,13,1,True,12,2,{}
hapt,loso_subject_13,13,2,False,12,3,"{""3"": {""available_windows"": 2, ""name"": ""Sitting""}, ""6"": {""available_windows"": 2, ""name"": ""Stand To Sit""}}"
hapt,loso_subject_13,13,3,False,12,4,"{""1"": {""available_windows"": 3, ""name"": ""Walking Upstairs""}, ""3"": {""available_windows"": 2, ""name"": ""Sitting""}, ""6"": {""available_windows"": 2, ""name"": ""Stand To Sit""}, ""7"": {""available_windows"": 3, ""name"": ""Sit To Stand""}, ""8"": {""available_windows"": 3, ""name"": ""Sit To Lie""}}"
hapt,loso_subject_13,13,4,False,12,5,"{""1"": {""available_windows"": 3, ""name"": ""Walking Upstairs""}, ""3"": {""available_windows"": 2, ""name"": ""Sitting""}, ""4"": {""available_windows"": 4, ""name"": ""Standing""}, ""6"": {""available_windows"": 2, ""name"": ""Stand To Sit""}, ""7"": {""available_windows"": 3, ""name"": ""Sit To Stand""}, ""8"": {""available_windows"": 3, ""name"": ""Sit To Lie""}}"
hapt,loso_subject_13,13,5,False,12,6,"{""1"": {""available_windows"": 3, ""name"": ""Walking Upstairs""}, ""3"": {""available_windows"": 2, ""name"": ""Sitting""}, ""4"": {""available_windows"": 4, ""name"": ""Standing""}, ""6"": {""available_windows"": 2, ""name"": ""Stand To Sit""}, ""7"": {""available_windows"": 3, ""name"": ""Sit To Stand""}, ""8"": {""available_windows"": 3, ""name"": ""Sit To Lie""}}"
hapt,loso_subject_13,13,6,False,12,7,"{""1"": {""available_windows"": 3, ""name"": ""Walking Upstairs""}, ""3"": {""available_windows"": 2, ""name"": ""Sitting""}, ""4"": {""available_windows"": 4, ""name"": ""Standing""}, ""6"": {""available_windows"": 2, ""name"": ""Stand To Sit""}, ""7"": {""available_windows"": 3, ""name"": ""Sit To Stand""}, ""8"": {""available_windows"": 3, ""name"": ""Sit To Lie""}}"
hapt,loso_subject_13,13,7,False,12,8,"{""1"": {""available_windows"": 3, ""name"": ""Walking Upstairs""}, ""3"": {""available_windows"": 2, ""name"": ""Sitting""}, ""4"": {""available_windows"": 4, ""name"": ""Standing""}, ""6"": {""available_windows"": 2, ""name"": ""Stand To Sit""}, ""7"": {""available_windows"": 3, ""name"": ""Sit To Stand""}, ""8"": {""available_windows"": 3, ""name"": ""Sit To Lie""}}"
hapt,loso_subject_13,13,8,False,12,9,"{""1"": {""available_windows"": 3, ""name"": ""Walking Upstairs""}, ""3"": {""available_windows"": 2, ""name"": ""Sitting""}, ""4"": {""available_windows"": 4, ""name"": ""Standing""}, ""6"": {""available_windows"": 2, ""name"": ""Stand To Sit""}, ""7"": {""available_windows"": 3, ""name"": ""Sit To Stand""}, ""8"": {""available_windows"": 3, ""name"": ""Sit To Lie""}}"
hapt,loso_subject_13,13,9,False,12,10,"{""1"": {""available_windows"": 3, ""name"": ""Walking Upstairs""}, ""3"": {""available_windows"": 2, ""name"": ""Sitting""}, ""4"": {""available_windows"": 4, ""name"": ""Standing""}, ""6"": {""available_windows"": 2, ""name"": ""Stand To Sit""}, ""7"": {""available_windows"": 3, ""name"": ""Sit To Stand""}, ""8"": {""available_windows"": 3, ""name"": ""Sit To Lie""}}"
hapt,loso_subject_13,13,10,False,12,11,"{""1"": {""available_windows"": 3, ""name"": ""Walking Upstairs""}, ""3"": {""available_windows"": 2, ""name"": ""Sitting""}, ""4"": {""available_windows"": 4, ""name"": ""Standing""}, ""6"": {""available_windows"": 2, ""name"": ""Stand To Sit""}, ""7"": {""available_windows"": 3, ""name"": ""Sit To Stand""}, ""8"": {""available_windows"": 3, ""name"": ""Sit To Lie""}}"
hapt,loso_subject_13,13,11,False,12,12,"{""1"": {""available_windows"": 3, ""name"": ""Walking Upstairs""}, ""3"": {""available_windows"": 2, ""name"": ""Sitting""}, ""4"": {""available_windows"": 4, ""name"": ""Standing""}, ""6"": {""available_windows"": 2, ""name"": ""Stand To Sit""}, ""7"": {""available_windows"": 3, ""name"": ""Sit To Stand""}, ""8"": {""available_windows"": 3, ""name"": ""Sit To Lie""}}"
hapt,loso_subject_13,13,12,False,12,13,"{""1"": {""available_windows"": 3, ""name"": ""Walking Upstairs""}, ""3"": {""available_windows"": 2, ""name"": ""Sitting""}, ""4"": {""available_windows"": 4, ""name"": ""Standing""}, ""6"": {""available_windows"": 2, ""name"": ""Stand To Sit""}, ""7"": {""available_windows"": 3, ""name"": ""Sit To Stand""}, ""8"": {""available_windows"": 3, ""name"": ""Sit To Lie""}}"
hapt,loso_subject_13,13,13,False,12,14,"{""1"": {""available_windows"": 3, ""name"": ""Walking Upstairs""}, ""3"": {""available_windows"": 2, ""name"": ""Sitting""}, ""4"": {""available_windows"": 4, ""name"": ""Standing""}, ""6"": {""available_windows"": 2, ""name"": ""Stand To Sit""}, ""7"": {""available_windows"": 3, ""name"": ""Sit To Stand""}, ""8"": {""available_windows"": 3, ""name"": ""Sit To Lie""}}"
hapt,loso_subject_13,13,14,False,12,15,"{""1"": {""available_windows"": 3, ""name"": ""Walking Upstairs""}, ""3"": {""available_windows"": 2, ""name"": ""Sitting""}, ""4"": {""available_windows"": 4, ""name"": ""Standing""}, ""6"": {""available_windows"": 2, ""name"": ""Stand To Sit""}, ""7"": {""available_windows"": 3, ""name"": ""Sit To Stand""}, ""8"": {""available_windows"": 3, ""name"": ""Sit To Lie""}}"
hapt,loso_subject_13,13,15,False,12,16,"{""1"": {""available_windows"": 3, ""name"": ""Walking Upstairs""}, ""3"": {""available_windows"": 2, ""name"": ""Sitting""}, ""4"": {""available_windows"": 4, ""name"": ""Standing""}, ""6"": {""available_windows"": 2, ""name"": ""Stand To Sit""}, ""7"": {""available_windows"": 3, ""name"": ""Sit To Stand""}, ""8"": {""available_windows"": 3, ""name"": ""Sit To Lie""}}"
hapt,loso_subject_13,13,16,False,12,17,"{""1"": {""available_windows"": 3, ""name"": ""Walking Upstairs""}, ""3"": {""available_windows"": 2, ""name"": ""Sitting""}, ""4"": {""available_windows"": 4, ""name"": ""Standing""}, ""6"": {""available_windows"": 2, ""name"": ""Stand To Sit""}, ""7"": {""available_windows"": 3, ""name"": ""Sit To Stand""}, ""8"": {""available_windows"": 3, ""name"": ""Sit To Lie""}}"
hapt,loso_subject_14,14,0,True,12,1,{}
hapt,loso_subject_14,14,1,False,12,2,"{""3"": {""available_windows"": 1, ""name"": ""Sitting""}}"
hapt,loso_subject_14,14,2,False,12,3,"{""1"": {""available_windows"": 2, ""name"": ""Walking Upstairs""}, ""3"": {""available_windows"": 1, ""name"": ""Sitting""}, ""6"": {""available_windows"": 2, ""name"": ""Stand To Sit""}, ""7"": {""available_windows"": 2, ""name"": ""Sit To Stand""}, ""8"": {""available_windows"": 2, ""name"": ""Sit To Lie""}}"
hapt,loso_subject_14,14,3,False,12,4,"{""1"": {""available_windows"": 2, ""name"": ""Walking Upstairs""}, ""3"": {""available_windows"": 1, ""name"": ""Sitting""}, ""4"": {""available_windows"": 3, ""name"": ""Standing""}, ""6"": {""available_windows"": 2, ""name"": ""Stand To Sit""}, ""7"": {""available_windows"": 2, ""name"": ""Sit To Stand""}, ""8"": {""available_windows"": 2, ""name"": ""Sit To Lie""}}"
hapt,loso_subject_14,14,4,False,12,5,"{""1"": {""available_windows"": 2, ""name"": ""Walking Upstairs""}, ""3"": {""available_windows"": 1, ""name"": ""Sitting""}, ""4"": {""available_windows"": 3, ""name"": ""Standing""}, ""6"": {""available_windows"": 2, ""name"": ""Stand To Sit""}, ""7"": {""available_windows"": 2, ""name"": ""Sit To Stand""}, ""8"": {""available_windows"": 2, ""name"": ""Sit To Lie""}}"
hapt,loso_subject_14,14,5,False,12,6,"{""1"": {""available_windows"": 2, ""name"": ""Walking Upstairs""}, ""3"": {""available_windows"": 1, ""name"": ""Sitting""}, ""4"": {""available_windows"": 3, ""name"": ""Standing""}, ""6"": {""available_windows"": 2, ""name"": ""Stand To Sit""}, ""7"": {""available_windows"": 2, ""name"": ""Sit To Stand""}, ""8"": {""available_windows"": 2, ""name"": ""Sit To Lie""}}"
hapt,loso_subject_14,14,6,False,12,7,"{""1"": {""available_windows"": 2, ""name"": ""Walking Upstairs""}, ""3"": {""available_windows"": 1, ""name"": ""Sitting""}, ""4"": {""available_windows"": 3, ""name"": ""Standing""}, ""6"": {""available_windows"": 2, ""name"": ""Stand To Sit""}, ""7"": {""available_windows"": 2, ""name"": ""Sit To Stand""}, ""8"": {""available_windows"": 2, ""name"": ""Sit To Lie""}}"
hapt,loso_subject_14,14,7,False,12,8,"{""1"": {""available_windows"": 2, ""name"": ""Walking Upstairs""}, ""3"": {""available_windows"": 1, ""name"": ""Sitting""}, ""4"": {""available_windows"": 3, ""name"": ""Standing""}, ""6"": {""available_windows"": 2, ""name"": ""Stand To Sit""}, ""7"": {""available_windows"": 2, ""name"": ""Sit To Stand""}, ""8"": {""available_windows"": 2, ""name"": ""Sit To Lie""}}"
hapt,loso_subject_14,14,8,False,12,9,"{""1"": {""available_windows"": 2, ""name"": ""Walking Upstairs""}, ""3"": {""available_windows"": 1, ""name"": ""Sitting""}, ""4"": {""available_windows"": 3, ""name"": ""Standing""}, ""6"": {""available_windows"": 2, ""name"": ""Stand To Sit""}, ""7"": {""available_windows"": 2, ""name"": ""Sit To Stand""}, ""8"": {""available_windows"": 2, ""name"": ""Sit To Lie""}}"
hapt,loso_subject_14,14,9,False,12,10,"{""1"": {""available_windows"": 2, ""name"": ""Walking Upstairs""}, ""3"": {""available_windows"": 1, ""name"": ""Sitting""}, ""4"": {""available_windows"": 3, ""name"": ""Standing""}, ""6"": {""available_windows"": 2, ""name"": ""Stand To Sit""}, ""7"": {""available_windows"": 2, ""name"": ""Sit To Stand""}, ""8"": {""available_windows"": 2, ""name"": ""Sit To Lie""}}"
hapt,loso_subject_14,14,10,False,12,11,"{""1"": {""available_windows"": 2, ""name"": ""Walking Upstairs""}, ""3"": {""available_windows"": 1, ""name"": ""Sitting""}, ""4"": {""available_windows"": 3, ""name"": ""Standing""}, ""6"": {""available_windows"": 2, ""name"": ""Stand To Sit""}, ""7"": {""available_windows"": 2, ""name"": ""Sit To Stand""}, ""8"": {""available_windows"": 2, ""name"": ""Sit To Lie""}}"
hapt,loso_subject_14,14,11,False,12,12,"{""1"": {""available_windows"": 2, ""name"": ""Walking Upstairs""}, ""3"": {""available_windows"": 1, ""name"": ""Sitting""}, ""4"": {""available_windows"": 3, ""name"": ""Standing""}, ""6"": {""available_windows"": 2, ""name"": ""Stand To Sit""}, ""7"": {""available_windows"": 2, ""name"": ""Sit To Stand""}, ""8"": {""available_windows"": 2, ""name"": ""Sit To Lie""}}"
hapt,loso_subject_14,14,12,False,12,13,"{""1"": {""available_windows"": 2, ""name"": ""Walking Upstairs""}, ""3"": {""available_windows"": 1, ""name"": ""Sitting""}, ""4"": {""available_windows"": 3, ""name"": ""Standing""}, ""6"": {""available_windows"": 2, ""name"": ""Stand To Sit""}, ""7"": {""available_windows"": 2, ""name"": ""Sit To Stand""}, ""8"": {""available_windows"": 2, ""name"": ""Sit To Lie""}}"
hapt,loso_subject_14,14,13,False,12,14,"{""1"": {""available_windows"": 2, ""name"": ""Walking Upstairs""}, ""3"": {""available_windows"": 1, ""name"": ""Sitting""}, ""4"": {""available_windows"": 3, ""name"": ""Standing""}, ""6"": {""available_windows"": 2, ""name"": ""Stand To Sit""}, ""7"": {""available_windows"": 2, ""name"": ""Sit To Stand""}, ""8"": {""available_windows"": 2, ""name"": ""Sit To Lie""}}"
hapt,loso_subject_14,14,14,False,12,15,"{""1"": {""available_windows"": 2, ""name"": ""Walking Upstairs""}, ""3"": {""available_windows"": 1, ""name"": ""Sitting""}, ""4"": {""available_windows"": 3, ""name"": ""Standing""}, ""6"": {""available_windows"": 2, ""name"": ""Stand To Sit""}, ""7"": {""available_windows"": 2, ""name"": ""Sit To Stand""}, ""8"": {""available_windows"": 2, ""name"": ""Sit To Lie""}}"
hapt,loso_subject_14,14,15,False,12,16,"{""1"": {""available_windows"": 2, ""name"": ""Walking Upstairs""}, ""3"": {""available_windows"": 1, ""name"": ""Sitting""}, ""4"": {""available_windows"": 3, ""name"": ""Standing""}, ""6"": {""available_windows"": 2, ""name"": ""Stand To Sit""}, ""7"": {""available_windows"": 2, ""name"": ""Sit To Stand""}, ""8"": {""available_windows"": 2, ""name"": ""Sit To Lie""}}"
hapt,loso_subject_14,14,16,False,12,17,"{""1"": {""available_windows"": 2, ""name"": ""Walking Upstairs""}, ""3"": {""available_windows"": 1, ""name"": ""Sitting""}, ""4"": {""available_windows"": 3, ""name"": ""Standing""}, ""6"": {""available_windows"": 2, ""name"": ""Stand To Sit""}, ""7"": {""available_windows"": 2, ""name"": ""Sit To Stand""}, ""8"": {""available_windows"": 2, ""name"": ""Sit To Lie""}}"
hapt,loso_subject_15,15,0,True,11,1,{}
hapt,loso_subject_15,15,1,True,11,2,{}
hapt,loso_subject_15,15,2,False,11,3,"{""1"": {""available_windows"": 2, ""name"": ""Walking Upstairs""}, ""4"": {""available_windows"": 2, ""name"": ""Standing""}, ""6"": {""available_windows"": 2, ""name"": ""Stand To Sit""}, ""7"": {""available_windows"": 2, ""name"": ""Sit To Stand""}, ""8"": {""available_windows"": 2, ""name"": ""Sit To Lie""}}"
hapt,loso_subject_15,15,3,False,11,4,"{""1"": {""available_windows"": 2, ""name"": ""Walking Upstairs""}, ""4"": {""available_windows"": 2, ""name"": ""Standing""}, ""6"": {""available_windows"": 2, ""name"": ""Stand To Sit""}, ""7"": {""available_windows"": 2, ""name"": ""Sit To Stand""}, ""8"": {""available_windows"": 2, ""name"": ""Sit To Lie""}}"
hapt,loso_subject_15,15,4,False,11,5,"{""1"": {""available_windows"": 2, ""name"": ""Walking Upstairs""}, ""4"": {""available_windows"": 2, ""name"": ""Standing""}, ""6"": {""available_windows"": 2, ""name"": ""Stand To Sit""}, ""7"": {""available_windows"": 2, ""name"": ""Sit To Stand""}, ""8"": {""available_windows"": 2, ""name"": ""Sit To Lie""}}"
hapt,loso_subject_15,15,5,False,11,6,"{""1"": {""available_windows"": 2, ""name"": ""Walking Upstairs""}, ""4"": {""available_windows"": 2, ""name"": ""Standing""}, ""6"": {""available_windows"": 2, ""name"": ""Stand To Sit""}, ""7"": {""available_windows"": 2, ""name"": ""Sit To Stand""}, ""8"": {""available_windows"": 2, ""name"": ""Sit To Lie""}}"
hapt,loso_subject_15,15,6,False,11,7,"{""1"": {""available_windows"": 2, ""name"": ""Walking Upstairs""}, ""4"": {""available_windows"": 2, ""name"": ""Standing""}, ""6"": {""available_windows"": 2, ""name"": ""Stand To Sit""}, ""7"": {""available_windows"": 2, ""name"": ""Sit To Stand""}, ""8"": {""available_windows"": 2, ""name"": ""Sit To Lie""}}"
hapt,loso_subject_15,15,7,False,11,8,"{""1"": {""available_windows"": 2, ""name"": ""Walking Upstairs""}, ""4"": {""available_windows"": 2, ""name"": ""Standing""}, ""6"": {""available_windows"": 2, ""name"": ""Stand To Sit""}, ""7"": {""available_windows"": 2, ""name"": ""Sit To Stand""}, ""8"": {""available_windows"": 2, ""name"": ""Sit To Lie""}}"
hapt,loso_subject_15,15,8,False,11,9,"{""1"": {""available_windows"": 2, ""name"": ""Walking Upstairs""}, ""4"": {""available_windows"": 2, ""name"": ""Standing""}, ""6"": {""available_windows"": 2, ""name"": ""Stand To Sit""}, ""7"": {""available_windows"": 2, ""name"": ""Sit To Stand""}, ""8"": {""available_windows"": 2, ""name"": ""Sit To Lie""}}"
hapt,loso_subject_15,15,9,False,11,10,"{""1"": {""available_windows"": 2, ""name"": ""Walking Upstairs""}, ""4"": {""available_windows"": 2, ""name"": ""Standing""}, ""6"": {""available_windows"": 2, ""name"": ""Stand To Sit""}, ""7"": {""available_windows"": 2, ""name"": ""Sit To Stand""}, ""8"": {""available_windows"": 2, ""name"": ""Sit To Lie""}}"
hapt,loso_subject_15,15,10,False,11,11,"{""1"": {""available_windows"": 2, ""name"": ""Walking Upstairs""}, ""4"": {""available_windows"": 2, ""name"": ""Standing""}, ""6"": {""available_windows"": 2, ""name"": ""Stand To Sit""}, ""7"": {""available_windows"": 2, ""name"": ""Sit To Stand""}, ""8"": {""available_windows"": 2, ""name"": ""Sit To Lie""}}"
hapt,loso_subject_15,15,11,False,11,12,"{""1"": {""available_windows"": 2, ""name"": ""Walking Upstairs""}, ""4"": {""available_windows"": 2, ""name"": ""Standing""}, ""6"": {""available_windows"": 2, ""name"": ""Stand To Sit""}, ""7"": {""available_windows"": 2, ""name"": ""Sit To Stand""}, ""8"": {""available_windows"": 2, ""name"": ""Sit To Lie""}}"
hapt,loso_subject_15,15,12,False,11,13,"{""1"": {""available_windows"": 2, ""name"": ""Walking Upstairs""}, ""4"": {""available_windows"": 2, ""name"": ""Standing""}, ""6"": {""available_windows"": 2, ""name"": ""Stand To Sit""}, ""7"": {""available_windows"": 2, ""name"": ""Sit To Stand""}, ""8"": {""available_windows"": 2, ""name"": ""Sit To Lie""}}"
hapt,loso_subject_15,15,13,False,11,14,"{""1"": {""available_windows"": 2, ""name"": ""Walking Upstairs""}, ""4"": {""available_windows"": 2, ""name"": ""Standing""}, ""6"": {""available_windows"": 2, ""name"": ""Stand To Sit""}, ""7"": {""available_windows"": 2, ""name"": ""Sit To Stand""}, ""8"": {""available_windows"": 2, ""name"": ""Sit To Lie""}}"
hapt,loso_subject_15,15,14,False,11,15,"{""1"": {""available_windows"": 2, ""name"": ""Walking Upstairs""}, ""4"": {""available_windows"": 2, ""name"": ""Standing""}, ""6"": {""available_windows"": 2, ""name"": ""Stand To Sit""}, ""7"": {""available_windows"": 2, ""name"": ""Sit To Stand""}, ""8"": {""available_windows"": 2, ""name"": ""Sit To Lie""}}"
hapt,loso_subject_15,15,15,False,11,16,"{""1"": {""available_windows"": 2, ""name"": ""Walking Upstairs""}, ""4"": {""available_windows"": 2, ""name"": ""Standing""}, ""6"": {""available_windows"": 2, ""name"": ""Stand To Sit""}, ""7"": {""available_windows"": 2, ""name"": ""Sit To Stand""}, ""8"": {""available_windows"": 2, ""name"": ""Sit To Lie""}}"
hapt,loso_subject_15,15,16,False,11,17,"{""1"": {""available_windows"": 2, ""name"": ""Walking Upstairs""}, ""4"": {""available_windows"": 2, ""name"": ""Standing""}, ""6"": {""available_windows"": 2, ""name"": ""Stand To Sit""}, ""7"": {""available_windows"": 2, ""name"": ""Sit To Stand""}, ""8"": {""available_windows"": 2, ""name"": ""Sit To Lie""}}"
hapt,loso_subject_16,16,0,True,12,1,{}
hapt,loso_subject_16,16,1,True,12,2,{}
hapt,loso_subject_16,16,2,False,12,3,"{""1"": {""available_windows"": 2, ""name"": ""Walking Upstairs""}, ""3"": {""available_windows"": 2, ""name"": ""Sitting""}, ""8"": {""available_windows"": 2, ""name"": ""Sit To Lie""}}"
hapt,loso_subject_16,16,3,False,12,4,"{""1"": {""available_windows"": 2, ""name"": ""Walking Upstairs""}, ""3"": {""available_windows"": 2, ""name"": ""Sitting""}, ""4"": {""available_windows"": 3, ""name"": ""Standing""}, ""6"": {""available_windows"": 3, ""name"": ""Stand To Sit""}, ""7"": {""available_windows"": 3, ""name"": ""Sit To Stand""}, ""8"": {""available_windows"": 2, ""name"": ""Sit To Lie""}}"
hapt,loso_subject_16,16,4,False,12,5,"{""1"": {""available_windows"": 2, ""name"": ""Walking Upstairs""}, ""3"": {""available_windows"": 2, ""name"": ""Sitting""}, ""4"": {""available_windows"": 3, ""name"": ""Standing""}, ""6"": {""available_windows"": 3, ""name"": ""Stand To Sit""}, ""7"": {""available_windows"": 3, ""name"": ""Sit To Stand""}, ""8"": {""available_windows"": 2, ""name"": ""Sit To Lie""}}"
hapt,loso_subject_16,16,5,False,12,6,"{""1"": {""available_windows"": 2, ""name"": ""Walking Upstairs""}, ""3"": {""available_windows"": 2, ""name"": ""Sitting""}, ""4"": {""available_windows"": 3, ""name"": ""Standing""}, ""6"": {""available_windows"": 3, ""name"": ""Stand To Sit""}, ""7"": {""available_windows"": 3, ""name"": ""Sit To Stand""}, ""8"": {""available_windows"": 2, ""name"": ""Sit To Lie""}}"
hapt,loso_subject_16,16,6,False,12,7,"{""1"": {""available_windows"": 2, ""name"": ""Walking Upstairs""}, ""3"": {""available_windows"": 2, ""name"": ""Sitting""}, ""4"": {""available_windows"": 3, ""name"": ""Standing""}, ""6"": {""available_windows"": 3, ""name"": ""Stand To Sit""}, ""7"": {""available_windows"": 3, ""name"": ""Sit To Stand""}, ""8"": {""available_windows"": 2, ""name"": ""Sit To Lie""}}"
hapt,loso_subject_16,16,7,False,12,8,"{""1"": {""available_windows"": 2, ""name"": ""Walking Upstairs""}, ""3"": {""available_windows"": 2, ""name"": ""Sitting""}, ""4"": {""available_windows"": 3, ""name"": ""Standing""}, ""6"": {""available_windows"": 3, ""name"": ""Stand To Sit""}, ""7"": {""available_windows"": 3, ""name"": ""Sit To Stand""}, ""8"": {""available_windows"": 2, ""name"": ""Sit To Lie""}}"
hapt,loso_subject_16,16,8,False,12,9,"{""1"": {""available_windows"": 2, ""name"": ""Walking Upstairs""}, ""3"": {""available_windows"": 2, ""name"": ""Sitting""}, ""4"": {""available_windows"": 3, ""name"": ""Standing""}, ""6"": {""available_windows"": 3, ""name"": ""Stand To Sit""}, ""7"": {""available_windows"": 3, ""name"": ""Sit To Stand""}, ""8"": {""available_windows"": 2, ""name"": ""Sit To Lie""}}"
hapt,loso_subject_16,16,9,False,12,10,"{""1"": {""available_windows"": 2, ""name"": ""Walking Upstairs""}, ""3"": {""available_windows"": 2, ""name"": ""Sitting""}, ""4"": {""available_windows"": 3, ""name"": ""Standing""}, ""6"": {""available_windows"": 3, ""name"": ""Stand To Sit""}, ""7"": {""available_windows"": 3, ""name"": ""Sit To Stand""}, ""8"": {""available_windows"": 2, ""name"": ""Sit To Lie""}}"
hapt,loso_subject_16,16,10,False,12,11,"{""1"": {""available_windows"": 2, ""name"": ""Walking Upstairs""}, ""3"": {""available_windows"": 2, ""name"": ""Sitting""}, ""4"": {""available_windows"": 3, ""name"": ""Standing""}, ""6"": {""available_windows"": 3, ""name"": ""Stand To Sit""}, ""7"": {""available_windows"": 3, ""name"": ""Sit To Stand""}, ""8"": {""available_windows"": 2, ""name"": ""Sit To Lie""}}"
hapt,loso_subject_16,16,11,False,12,12,"{""1"": {""available_windows"": 2, ""name"": ""Walking Upstairs""}, ""3"": {""available_windows"": 2, ""name"": ""Sitting""}, ""4"": {""available_windows"": 3, ""name"": ""Standing""}, ""6"": {""available_windows"": 3, ""name"": ""Stand To Sit""}, ""7"": {""available_windows"": 3, ""name"": ""Sit To Stand""}, ""8"": {""available_windows"": 2, ""name"": ""Sit To Lie""}}"
hapt,loso_subject_16,16,12,False,12,13,"{""1"": {""available_windows"": 2, ""name"": ""Walking Upstairs""}, ""3"": {""available_windows"": 2, ""name"": ""Sitting""}, ""4"": {""available_windows"": 3, ""name"": ""Standing""}, ""6"": {""available_windows"": 3, ""name"": ""Stand To Sit""}, ""7"": {""available_windows"": 3, ""name"": ""Sit To Stand""}, ""8"": {""available_windows"": 2, ""name"": ""Sit To Lie""}}"
hapt,loso_subject_16,16,13,False,12,14,"{""1"": {""available_windows"": 2, ""name"": ""Walking Upstairs""}, ""3"": {""available_windows"": 2, ""name"": ""Sitting""}, ""4"": {""available_windows"": 3, ""name"": ""Standing""}, ""6"": {""available_windows"": 3, ""name"": ""Stand To Sit""}, ""7"": {""available_windows"": 3, ""name"": ""Sit To Stand""}, ""8"": {""available_windows"": 2, ""name"": ""Sit To Lie""}}"
hapt,loso_subject_16,16,14,False,12,15,"{""1"": {""available_windows"": 2, ""name"": ""Walking Upstairs""}, ""3"": {""available_windows"": 2, ""name"": ""Sitting""}, ""4"": {""available_windows"": 3, ""name"": ""Standing""}, ""6"": {""available_windows"": 3, ""name"": ""Stand To Sit""}, ""7"": {""available_windows"": 3, ""name"": ""Sit To Stand""}, ""8"": {""available_windows"": 2, ""name"": ""Sit To Lie""}}"
hapt,loso_subject_16,16,15,False,12,16,"{""1"": {""available_windows"": 2, ""name"": ""Walking Upstairs""}, ""3"": {""available_windows"": 2, ""name"": ""Sitting""}, ""4"": {""available_windows"": 3, ""name"": ""Standing""}, ""6"": {""available_windows"": 3, ""name"": ""Stand To Sit""}, ""7"": {""available_windows"": 3, ""name"": ""Sit To Stand""}, ""8"": {""available_windows"": 2, ""name"": ""Sit To Lie""}}"
hapt,loso_subject_16,16,16,False,12,17,"{""1"": {""available_windows"": 2, ""name"": ""Walking Upstairs""}, ""3"": {""available_windows"": 2, ""name"": ""Sitting""}, ""4"": {""available_windows"": 3, ""name"": ""Standing""}, ""6"": {""available_windows"": 3, ""name"": ""Stand To Sit""}, ""7"": {""available_windows"": 3, ""name"": ""Sit To Stand""}, ""8"": {""available_windows"": 2, ""name"": ""Sit To Lie""}}"
hapt,loso_subject_17,17,0,True,12,1,{}
hapt,loso_subject_17,17,1,True,12,2,{}
hapt,loso_subject_17,17,2,False,12,3,"{""3"": {""available_windows"": 2, ""name"": ""Sitting""}, ""6"": {""available_windows"": 2, ""name"": ""Stand To Sit""}, ""7"": {""available_windows"": 2, ""name"": ""Sit To Stand""}, ""8"": {""available_windows"": 2, ""name"": ""Sit To Lie""}}"
hapt,loso_subject_17,17,3,False,12,4,"{""1"": {""available_windows"": 3, ""name"": ""Walking Upstairs""}, ""3"": {""available_windows"": 2, ""name"": ""Sitting""}, ""4"": {""available_windows"": 3, ""name"": ""Standing""}, ""6"": {""available_windows"": 2, ""name"": ""Stand To Sit""}, ""7"": {""available_windows"": 2, ""name"": ""Sit To Stand""}, ""8"": {""available_windows"": 2, ""name"": ""Sit To Lie""}}"
hapt,loso_subject_17,17,4,False,12,5,"{""1"": {""available_windows"": 3, ""name"": ""Walking Upstairs""}, ""3"": {""available_windows"": 2, ""name"": ""Sitting""}, ""4"": {""available_windows"": 3, ""name"": ""Standing""}, ""6"": {""available_windows"": 2, ""name"": ""Stand To Sit""}, ""7"": {""available_windows"": 2, ""name"": ""Sit To Stand""}, ""8"": {""available_windows"": 2, ""name"": ""Sit To Lie""}}"
hapt,loso_subject_17,17,5,False,12,6,"{""1"": {""available_windows"": 3, ""name"": ""Walking Upstairs""}, ""3"": {""available_windows"": 2, ""name"": ""Sitting""}, ""4"": {""available_windows"": 3, ""name"": ""Standing""}, ""6"": {""available_windows"": 2, ""name"": ""Stand To Sit""}, ""7"": {""available_windows"": 2, ""name"": ""Sit To Stand""}, ""8"": {""available_windows"": 2, ""name"": ""Sit To Lie""}}"
hapt,loso_subject_17,17,6,False,12,7,"{""1"": {""available_windows"": 3, ""name"": ""Walking Upstairs""}, ""3"": {""available_windows"": 2, ""name"": ""Sitting""}, ""4"": {""available_windows"": 3, ""name"": ""Standing""}, ""6"": {""available_windows"": 2, ""name"": ""Stand To Sit""}, ""7"": {""available_windows"": 2, ""name"": ""Sit To Stand""}, ""8"": {""available_windows"": 2, ""name"": ""Sit To Lie""}}"
hapt,loso_subject_17,17,7,False,12,8,"{""1"": {""available_windows"": 3, ""name"": ""Walking Upstairs""}, ""3"": {""available_windows"": 2, ""name"": ""Sitting""}, ""4"": {""available_windows"": 3, ""name"": ""Standing""}, ""6"": {""available_windows"": 2, ""name"": ""Stand To Sit""}, ""7"": {""available_windows"": 2, ""name"": ""Sit To Stand""}, ""8"": {""available_windows"": 2, ""name"": ""Sit To Lie""}}"
hapt,loso_subject_17,17,8,False,12,9,"{""1"": {""available_windows"": 3, ""name"": ""Walking Upstairs""}, ""3"": {""available_windows"": 2, ""name"": ""Sitting""}, ""4"": {""available_windows"": 3, ""name"": ""Standing""}, ""6"": {""available_windows"": 2, ""name"": ""Stand To Sit""}, ""7"": {""available_windows"": 2, ""name"": ""Sit To Stand""}, ""8"": {""available_windows"": 2, ""name"": ""Sit To Lie""}}"
hapt,loso_subject_17,17,9,False,12,10,"{""1"": {""available_windows"": 3, ""name"": ""Walking Upstairs""}, ""3"": {""available_windows"": 2, ""name"": ""Sitting""}, ""4"": {""available_windows"": 3, ""name"": ""Standing""}, ""6"": {""available_windows"": 2, ""name"": ""Stand To Sit""}, ""7"": {""available_windows"": 2, ""name"": ""Sit To Stand""}, ""8"": {""available_windows"": 2, ""name"": ""Sit To Lie""}}"
hapt,loso_subject_17,17,10,False,12,11,"{""1"": {""available_windows"": 3, ""name"": ""Walking Upstairs""}, ""3"": {""available_windows"": 2, ""name"": ""Sitting""}, ""4"": {""available_windows"": 3, ""name"": ""Standing""}, ""6"": {""available_windows"": 2, ""name"": ""Stand To Sit""}, ""7"": {""available_windows"": 2, ""name"": ""Sit To Stand""}, ""8"": {""available_windows"": 2, ""name"": ""Sit To Lie""}}"
hapt,loso_subject_17,17,11,False,12,12,"{""1"": {""available_windows"": 3, ""name"": ""Walking Upstairs""}, ""3"": {""available_windows"": 2, ""name"": ""Sitting""}, ""4"": {""available_windows"": 3, ""name"": ""Standing""}, ""6"": {""available_windows"": 2, ""name"": ""Stand To Sit""}, ""7"": {""available_windows"": 2, ""name"": ""Sit To Stand""}, ""8"": {""available_windows"": 2, ""name"": ""Sit To Lie""}}"
hapt,loso_subject_17,17,12,False,12,13,"{""1"": {""available_windows"": 3, ""name"": ""Walking Upstairs""}, ""3"": {""available_windows"": 2, ""name"": ""Sitting""}, ""4"": {""available_windows"": 3, ""name"": ""Standing""}, ""6"": {""available_windows"": 2, ""name"": ""Stand To Sit""}, ""7"": {""available_windows"": 2, ""name"": ""Sit To Stand""}, ""8"": {""available_windows"": 2, ""name"": ""Sit To Lie""}}"
hapt,loso_subject_17,17,13,False,12,14,"{""1"": {""available_windows"": 3, ""name"": ""Walking Upstairs""}, ""3"": {""available_windows"": 2, ""name"": ""Sitting""}, ""4"": {""available_windows"": 3, ""name"": ""Standing""}, ""6"": {""available_windows"": 2, ""name"": ""Stand To Sit""}, ""7"": {""available_windows"": 2, ""name"": ""Sit To Stand""}, ""8"": {""available_windows"": 2, ""name"": ""Sit To Lie""}}"
hapt,loso_subject_17,17,14,False,12,15,"{""1"": {""available_windows"": 3, ""name"": ""Walking Upstairs""}, ""3"": {""available_windows"": 2, ""name"": ""Sitting""}, ""4"": {""available_windows"": 3, ""name"": ""Standing""}, ""6"": {""available_windows"": 2, ""name"": ""Stand To Sit""}, ""7"": {""available_windows"": 2, ""name"": ""Sit To Stand""}, ""8"": {""available_windows"": 2, ""name"": ""Sit To Lie""}}"
hapt,loso_subject_17,17,15,False,12,16,"{""1"": {""available_windows"": 3, ""name"": ""Walking Upstairs""}, ""3"": {""available_windows"": 2, ""name"": ""Sitting""}, ""4"": {""available_windows"": 3, ""name"": ""Standing""}, ""6"": {""available_windows"": 2, ""name"": ""Stand To Sit""}, ""7"": {""available_windows"": 2, ""name"": ""Sit To Stand""}, ""8"": {""available_windows"": 2, ""name"": ""Sit To Lie""}}"
hapt,loso_subject_17,17,16,False,12,17,"{""1"": {""available_windows"": 3, ""name"": ""Walking Upstairs""}, ""3"": {""available_windows"": 2, ""name"": ""Sitting""}, ""4"": {""available_windows"": 3, ""name"": ""Standing""}, ""6"": {""available_windows"": 2, ""name"": ""Stand To Sit""}, ""7"": {""available_windows"": 2, ""name"": ""Sit To Stand""}, ""8"": {""available_windows"": 2, ""name"": ""Sit To Lie""}}"
hapt,loso_subject_18,18,0,True,12,1,{}
hapt,loso_subject_18,18,1,False,12,2,"{""3"": {""available_windows"": 1, ""name"": ""Sitting""}}"
hapt,loso_subject_18,18,2,False,12,3,"{""1"": {""available_windows"": 2, ""name"": ""Walking Upstairs""}, ""3"": {""available_windows"": 1, ""name"": ""Sitting""}, ""6"": {""available_windows"": 2, ""name"": ""Stand To Sit""}, ""7"": {""available_windows"": 2, ""name"": ""Sit To Stand""}, ""8"": {""available_windows"": 2, ""name"": ""Sit To Lie""}}"
hapt,loso_subject_18,18,3,False,12,4,"{""1"": {""available_windows"": 2, ""name"": ""Walking Upstairs""}, ""3"": {""available_windows"": 1, ""name"": ""Sitting""}, ""4"": {""available_windows"": 3, ""name"": ""Standing""}, ""6"": {""available_windows"": 2, ""name"": ""Stand To Sit""}, ""7"": {""available_windows"": 2, ""name"": ""Sit To Stand""}, ""8"": {""available_windows"": 2, ""name"": ""Sit To Lie""}}"
hapt,loso_subject_18,18,4,False,12,5,"{""1"": {""available_windows"": 2, ""name"": ""Walking Upstairs""}, ""3"": {""available_windows"": 1, ""name"": ""Sitting""}, ""4"": {""available_windows"": 3, ""name"": ""Standing""}, ""6"": {""available_windows"": 2, ""name"": ""Stand To Sit""}, ""7"": {""available_windows"": 2, ""name"": ""Sit To Stand""}, ""8"": {""available_windows"": 2, ""name"": ""Sit To Lie""}}"
hapt,loso_subject_18,18,5,False,12,6,"{""1"": {""available_windows"": 2, ""name"": ""Walking Upstairs""}, ""3"": {""available_windows"": 1, ""name"": ""Sitting""}, ""4"": {""available_windows"": 3, ""name"": ""Standing""}, ""6"": {""available_windows"": 2, ""name"": ""Stand To Sit""}, ""7"": {""available_windows"": 2, ""name"": ""Sit To Stand""}, ""8"": {""available_windows"": 2, ""name"": ""Sit To Lie""}}"
hapt,loso_subject_18,18,6,False,12,7,"{""1"": {""available_windows"": 2, ""name"": ""Walking Upstairs""}, ""3"": {""available_windows"": 1, ""name"": ""Sitting""}, ""4"": {""available_windows"": 3, ""name"": ""Standing""}, ""6"": {""available_windows"": 2, ""name"": ""Stand To Sit""}, ""7"": {""available_windows"": 2, ""name"": ""Sit To Stand""}, ""8"": {""available_windows"": 2, ""name"": ""Sit To Lie""}}"
hapt,loso_subject_18,18,7,False,12,8,"{""1"": {""available_windows"": 2, ""name"": ""Walking Upstairs""}, ""3"": {""available_windows"": 1, ""name"": ""Sitting""}, ""4"": {""available_windows"": 3, ""name"": ""Standing""}, ""6"": {""available_windows"": 2, ""name"": ""Stand To Sit""}, ""7"": {""available_windows"": 2, ""name"": ""Sit To Stand""}, ""8"": {""available_windows"": 2, ""name"": ""Sit To Lie""}}"
hapt,loso_subject_18,18,8,False,12,9,"{""1"": {""available_windows"": 2, ""name"": ""Walking Upstairs""}, ""3"": {""available_windows"": 1, ""name"": ""Sitting""}, ""4"": {""available_windows"": 3, ""name"": ""Standing""}, ""6"": {""available_windows"": 2, ""name"": ""Stand To Sit""}, ""7"": {""available_windows"": 2, ""name"": ""Sit To Stand""}, ""8"": {""available_windows"": 2, ""name"": ""Sit To Lie""}}"
hapt,loso_subject_18,18,9,False,12,10,"{""1"": {""available_windows"": 2, ""name"": ""Walking Upstairs""}, ""3"": {""available_windows"": 1, ""name"": ""Sitting""}, ""4"": {""available_windows"": 3, ""name"": ""Standing""}, ""6"": {""available_windows"": 2, ""name"": ""Stand To Sit""}, ""7"": {""available_windows"": 2, ""name"": ""Sit To Stand""}, ""8"": {""available_windows"": 2, ""name"": ""Sit To Lie""}}"
hapt,loso_subject_18,18,10,False,12,11,"{""1"": {""available_windows"": 2, ""name"": ""Walking Upstairs""}, ""3"": {""available_windows"": 1, ""name"": ""Sitting""}, ""4"": {""available_windows"": 3, ""name"": ""Standing""}, ""6"": {""available_windows"": 2, ""name"": ""Stand To Sit""}, ""7"": {""available_windows"": 2, ""name"": ""Sit To Stand""}, ""8"": {""available_windows"": 2, ""name"": ""Sit To Lie""}}"
hapt,loso_subject_18,18,11,False,12,12,"{""1"": {""available_windows"": 2, ""name"": ""Walking Upstairs""}, ""3"": {""available_windows"": 1, ""name"": ""Sitting""}, ""4"": {""available_windows"": 3, ""name"": ""Standing""}, ""6"": {""available_windows"": 2, ""name"": ""Stand To Sit""}, ""7"": {""available_windows"": 2, ""name"": ""Sit To Stand""}, ""8"": {""available_windows"": 2, ""name"": ""Sit To Lie""}}"
hapt,loso_subject_18,18,12,False,12,13,"{""1"": {""available_windows"": 2, ""name"": ""Walking Upstairs""}, ""3"": {""available_windows"": 1, ""name"": ""Sitting""}, ""4"": {""available_windows"": 3, ""name"": ""Standing""}, ""6"": {""available_windows"": 2, ""name"": ""Stand To Sit""}, ""7"": {""available_windows"": 2, ""name"": ""Sit To Stand""}, ""8"": {""available_windows"": 2, ""name"": ""Sit To Lie""}}"
hapt,loso_subject_18,18,13,False,12,14,"{""1"": {""available_windows"": 2, ""name"": ""Walking Upstairs""}, ""3"": {""available_windows"": 1, ""name"": ""Sitting""}, ""4"": {""available_windows"": 3, ""name"": ""Standing""}, ""6"": {""available_windows"": 2, ""name"": ""Stand To Sit""}, ""7"": {""available_windows"": 2, ""name"": ""Sit To Stand""}, ""8"": {""available_windows"": 2, ""name"": ""Sit To Lie""}}"
hapt,loso_subject_18,18,14,False,12,15,"{""1"": {""available_windows"": 2, ""name"": ""Walking Upstairs""}, ""3"": {""available_windows"": 1, ""name"": ""Sitting""}, ""4"": {""available_windows"": 3, ""name"": ""Standing""}, ""6"": {""available_windows"": 2, ""name"": ""Stand To Sit""}, ""7"": {""available_windows"": 2, ""name"": ""Sit To Stand""}, ""8"": {""available_windows"": 2, ""name"": ""Sit To Lie""}}"
hapt,loso_subject_18,18,15,False,12,16,"{""1"": {""available_windows"": 2, ""name"": ""Walking Upstairs""}, ""3"": {""available_windows"": 1, ""name"": ""Sitting""}, ""4"": {""available_windows"": 3, ""name"": ""Standing""}, ""6"": {""available_windows"": 2, ""name"": ""Stand To Sit""}, ""7"": {""available_windows"": 2, ""name"": ""Sit To Stand""}, ""8"": {""available_windows"": 2, ""name"": ""Sit To Lie""}}"
hapt,loso_subject_18,18,16,False,12,17,"{""1"": {""available_windows"": 2, ""name"": ""Walking Upstairs""}, ""3"": {""available_windows"": 1, ""name"": ""Sitting""}, ""4"": {""available_windows"": 3, ""name"": ""Standing""}, ""6"": {""available_windows"": 2, ""name"": ""Stand To Sit""}, ""7"": {""available_windows"": 2, ""name"": ""Sit To Stand""}, ""8"": {""available_windows"": 2, ""name"": ""Sit To Lie""}}"
hapt,loso_subject_19,19,0,True,12,1,{}
hapt,loso_subject_19,19,1,False,12,2,"{""3"": {""available_windows"": 1, ""name"": ""Sitting""}}"
hapt,loso_subject_19,19,2,False,12,3,"{""1"": {""available_windows"": 2, ""name"": ""Walking Upstairs""}, ""3"": {""available_windows"": 1, ""name"": ""Sitting""}, ""6"": {""available_windows"": 2, ""name"": ""Stand To Sit""}, ""8"": {""available_windows"": 2, ""name"": ""Sit To Lie""}}"
hapt,loso_subject_19,19,3,False,12,4,"{""1"": {""available_windows"": 2, ""name"": ""Walking Upstairs""}, ""3"": {""available_windows"": 1, ""name"": ""Sitting""}, ""6"": {""available_windows"": 2, ""name"": ""Stand To Sit""}, ""8"": {""available_windows"": 2, ""name"": ""Sit To Lie""}}"
hapt,loso_subject_19,19,4,False,12,5,"{""1"": {""available_windows"": 2, ""name"": ""Walking Upstairs""}, ""3"": {""available_windows"": 1, ""name"": ""Sitting""}, ""6"": {""available_windows"": 2, ""name"": ""Stand To Sit""}, ""7"": {""available_windows"": 4, ""name"": ""Sit To Stand""}, ""8"": {""available_windows"": 2, ""name"": ""Sit To Lie""}}"
hapt,loso_subject_19,19,5,False,12,6,"{""1"": {""available_windows"": 2, ""name"": ""Walking Upstairs""}, ""3"": {""available_windows"": 1, ""name"": ""Sitting""}, ""4"": {""available_windows"": 5, ""name"": ""Standing""}, ""6"": {""available_windows"": 2, ""name"": ""Stand To Sit""}, ""7"": {""available_windows"": 4, ""name"": ""Sit To Stand""}, ""8"": {""available_windows"": 2, ""name"": ""Sit To Lie""}}"
hapt,loso_subject_19,19,6,False,12,7,"{""1"": {""available_windows"": 2, ""name"": ""Walking Upstairs""}, ""3"": {""available_windows"": 1, ""name"": ""Sitting""}, ""4"": {""available_windows"": 5, ""name"": ""Standing""}, ""6"": {""available_windows"": 2, ""name"": ""Stand To Sit""}, ""7"": {""available_windows"": 4, ""name"": ""Sit To Stand""}, ""8"": {""available_windows"": 2, ""name"": ""Sit To Lie""}}"
hapt,loso_subject_19,19,7,False,12,8,"{""1"": {""available_windows"": 2, ""name"": ""Walking Upstairs""}, ""3"": {""available_windows"": 1, ""name"": ""Sitting""}, ""4"": {""available_windows"": 5, ""name"": ""Standing""}, ""6"": {""available_windows"": 2, ""name"": ""Stand To Sit""}, ""7"": {""available_windows"": 4, ""name"": ""Sit To Stand""}, ""8"": {""available_windows"": 2, ""name"": ""Sit To Lie""}}"
hapt,loso_subject_19,19,8,False,12,9,"{""1"": {""available_windows"": 2, ""name"": ""Walking Upstairs""}, ""3"": {""available_windows"": 1, ""name"": ""Sitting""}, ""4"": {""available_windows"": 5, ""name"": ""Standing""}, ""6"": {""available_windows"": 2, ""name"": ""Stand To Sit""}, ""7"": {""available_windows"": 4, ""name"": ""Sit To Stand""}, ""8"": {""available_windows"": 2, ""name"": ""Sit To Lie""}}"
hapt,loso_subject_19,19,9,False,12,10,"{""1"": {""available_windows"": 2, ""name"": ""Walking Upstairs""}, ""3"": {""available_windows"": 1, ""name"": ""Sitting""}, ""4"": {""available_windows"": 5, ""name"": ""Standing""}, ""6"": {""available_windows"": 2, ""name"": ""Stand To Sit""}, ""7"": {""available_windows"": 4, ""name"": ""Sit To Stand""}, ""8"": {""available_windows"": 2, ""name"": ""Sit To Lie""}}"
hapt,loso_subject_19,19,10,False,12,11,"{""1"": {""available_windows"": 2, ""name"": ""Walking Upstairs""}, ""3"": {""available_windows"": 1, ""name"": ""Sitting""}, ""4"": {""available_windows"": 5, ""name"": ""Standing""}, ""6"": {""available_windows"": 2, ""name"": ""Stand To Sit""}, ""7"": {""available_windows"": 4, ""name"": ""Sit To Stand""}, ""8"": {""available_windows"": 2, ""name"": ""Sit To Lie""}}"
hapt,loso_subject_19,19,11,False,12,12,"{""1"": {""available_windows"": 2, ""name"": ""Walking Upstairs""}, ""3"": {""available_windows"": 1, ""name"": ""Sitting""}, ""4"": {""available_windows"": 5, ""name"": ""Standing""}, ""6"": {""available_windows"": 2, ""name"": ""Stand To Sit""}, ""7"": {""available_windows"": 4, ""name"": ""Sit To Stand""}, ""8"": {""available_windows"": 2, ""name"": ""Sit To Lie""}}"
hapt,loso_subject_19,19,12,False,12,13,"{""1"": {""available_windows"": 2, ""name"": ""Walking Upstairs""}, ""3"": {""available_windows"": 1, ""name"": ""Sitting""}, ""4"": {""available_windows"": 5, ""name"": ""Standing""}, ""6"": {""available_windows"": 2, ""name"": ""Stand To Sit""}, ""7"": {""available_windows"": 4, ""name"": ""Sit To Stand""}, ""8"": {""available_windows"": 2, ""name"": ""Sit To Lie""}}"
hapt,loso_subject_19,19,13,False,12,14,"{""1"": {""available_windows"": 2, ""name"": ""Walking Upstairs""}, ""3"": {""available_windows"": 1, ""name"": ""Sitting""}, ""4"": {""available_windows"": 5, ""name"": ""Standing""}, ""6"": {""available_windows"": 2, ""name"": ""Stand To Sit""}, ""7"": {""available_windows"": 4, ""name"": ""Sit To Stand""}, ""8"": {""available_windows"": 2, ""name"": ""Sit To Lie""}}"
hapt,loso_subject_19,19,14,False,12,15,"{""1"": {""available_windows"": 2, ""name"": ""Walking Upstairs""}, ""3"": {""available_windows"": 1, ""name"": ""Sitting""}, ""4"": {""available_windows"": 5, ""name"": ""Standing""}, ""6"": {""available_windows"": 2, ""name"": ""Stand To Sit""}, ""7"": {""available_windows"": 4, ""name"": ""Sit To Stand""}, ""8"": {""available_windows"": 2, ""name"": ""Sit To Lie""}}"
hapt,loso_subject_19,19,15,False,12,16,"{""1"": {""available_windows"": 2, ""name"": ""Walking Upstairs""}, ""3"": {""available_windows"": 1, ""name"": ""Sitting""}, ""4"": {""available_windows"": 5, ""name"": ""Standing""}, ""6"": {""available_windows"": 2, ""name"": ""Stand To Sit""}, ""7"": {""available_windows"": 4, ""name"": ""Sit To Stand""}, ""8"": {""available_windows"": 2, ""name"": ""Sit To Lie""}}"
hapt,loso_subject_19,19,16,False,12,17,"{""1"": {""available_windows"": 2, ""name"": ""Walking Upstairs""}, ""3"": {""available_windows"": 1, ""name"": ""Sitting""}, ""4"": {""available_windows"": 5, ""name"": ""Standing""}, ""6"": {""available_windows"": 2, ""name"": ""Stand To Sit""}, ""7"": {""available_windows"": 4, ""name"": ""Sit To Stand""}, ""8"": {""available_windows"": 2, ""name"": ""Sit To Lie""}}"
hapt,loso_subject_20,20,0,True,12,1,{}
hapt,loso_subject_20,20,1,False,12,2,"{""3"": {""available_windows"": 1, ""name"": ""Sitting""}}"
hapt,loso_subject_20,20,2,False,12,3,"{""1"": {""available_windows"": 2, ""name"": ""Walking Upstairs""}, ""3"": {""available_windows"": 1, ""name"": ""Sitting""}, ""6"": {""available_windows"": 2, ""name"": ""Stand To Sit""}, ""7"": {""available_windows"": 2, ""name"": ""Sit To Stand""}, ""8"": {""available_windows"": 2, ""name"": ""Sit To Lie""}}"
hapt,loso_subject_20,20,3,False,12,4,"{""1"": {""available_windows"": 2, ""name"": ""Walking Upstairs""}, ""3"": {""available_windows"": 1, ""name"": ""Sitting""}, ""6"": {""available_windows"": 2, ""name"": ""Stand To Sit""}, ""7"": {""available_windows"": 2, ""name"": ""Sit To Stand""}, ""8"": {""available_windows"": 2, ""name"": ""Sit To Lie""}}"
hapt,loso_subject_20,20,4,False,12,5,"{""1"": {""available_windows"": 2, ""name"": ""Walking Upstairs""}, ""3"": {""available_windows"": 1, ""name"": ""Sitting""}, ""4"": {""available_windows"": 4, ""name"": ""Standing""}, ""6"": {""available_windows"": 2, ""name"": ""Stand To Sit""}, ""7"": {""available_windows"": 2, ""name"": ""Sit To Stand""}, ""8"": {""available_windows"": 2, ""name"": ""Sit To Lie""}}"
hapt,loso_subject_20,20,5,False,12,6,"{""1"": {""available_windows"": 2, ""name"": ""Walking Upstairs""}, ""3"": {""available_windows"": 1, ""name"": ""Sitting""}, ""4"": {""available_windows"": 4, ""name"": ""Standing""}, ""6"": {""available_windows"": 2, ""name"": ""Stand To Sit""}, ""7"": {""available_windows"": 2, ""name"": ""Sit To Stand""}, ""8"": {""available_windows"": 2, ""name"": ""Sit To Lie""}}"
hapt,loso_subject_20,20,6,False,12,7,"{""1"": {""available_windows"": 2, ""name"": ""Walking Upstairs""}, ""3"": {""available_windows"": 1, ""name"": ""Sitting""}, ""4"": {""available_windows"": 4, ""name"": ""Standing""}, ""6"": {""available_windows"": 2, ""name"": ""Stand To Sit""}, ""7"": {""available_windows"": 2, ""name"": ""Sit To Stand""}, ""8"": {""available_windows"": 2, ""name"": ""Sit To Lie""}}"
hapt,loso_subject_20,20,7,False,12,8,"{""1"": {""available_windows"": 2, ""name"": ""Walking Upstairs""}, ""3"": {""available_windows"": 1, ""name"": ""Sitting""}, ""4"": {""available_windows"": 4, ""name"": ""Standing""}, ""6"": {""available_windows"": 2, ""name"": ""Stand To Sit""}, ""7"": {""available_windows"": 2, ""name"": ""Sit To Stand""}, ""8"": {""available_windows"": 2, ""name"": ""Sit To Lie""}}"
hapt,loso_subject_20,20,8,False,12,9,"{""1"": {""available_windows"": 2, ""name"": ""Walking Upstairs""}, ""3"": {""available_windows"": 1, ""name"": ""Sitting""}, ""4"": {""available_windows"": 4, ""name"": ""Standing""}, ""6"": {""available_windows"": 2, ""name"": ""Stand To Sit""}, ""7"": {""available_windows"": 2, ""name"": ""Sit To Stand""}, ""8"": {""available_windows"": 2, ""name"": ""Sit To Lie""}}"
hapt,loso_subject_20,20,9,False,12,10,"{""1"": {""available_windows"": 2, ""name"": ""Walking Upstairs""}, ""3"": {""available_windows"": 1, ""name"": ""Sitting""}, ""4"": {""available_windows"": 4, ""name"": ""Standing""}, ""6"": {""available_windows"": 2, ""name"": ""Stand To Sit""}, ""7"": {""available_windows"": 2, ""name"": ""Sit To Stand""}, ""8"": {""available_windows"": 2, ""name"": ""Sit To Lie""}}"
hapt,loso_subject_20,20,10,False,12,11,"{""1"": {""available_windows"": 2, ""name"": ""Walking Upstairs""}, ""3"": {""available_windows"": 1, ""name"": ""Sitting""}, ""4"": {""available_windows"": 4, ""name"": ""Standing""}, ""6"": {""available_windows"": 2, ""name"": ""Stand To Sit""}, ""7"": {""available_windows"": 2, ""name"": ""Sit To Stand""}, ""8"": {""available_windows"": 2, ""name"": ""Sit To Lie""}}"
hapt,loso_subject_20,20,11,False,12,12,"{""1"": {""available_windows"": 2, ""name"": ""Walking Upstairs""}, ""3"": {""available_windows"": 1, ""name"": ""Sitting""}, ""4"": {""available_windows"": 4, ""name"": ""Standing""}, ""6"": {""available_windows"": 2, ""name"": ""Stand To Sit""}, ""7"": {""available_windows"": 2, ""name"": ""Sit To Stand""}, ""8"": {""available_windows"": 2, ""name"": ""Sit To Lie""}}"
hapt,loso_subject_20,20,12,False,12,13,"{""1"": {""available_windows"": 2, ""name"": ""Walking Upstairs""}, ""3"": {""available_windows"": 1, ""name"": ""Sitting""}, ""4"": {""available_windows"": 4, ""name"": ""Standing""}, ""6"": {""available_windows"": 2, ""name"": ""Stand To Sit""}, ""7"": {""available_windows"": 2, ""name"": ""Sit To Stand""}, ""8"": {""available_windows"": 2, ""name"": ""Sit To Lie""}}"
hapt,loso_subject_20,20,13,False,12,14,"{""1"": {""available_windows"": 2, ""name"": ""Walking Upstairs""}, ""3"": {""available_windows"": 1, ""name"": ""Sitting""}, ""4"": {""available_windows"": 4, ""name"": ""Standing""}, ""6"": {""available_windows"": 2, ""name"": ""Stand To Sit""}, ""7"": {""available_windows"": 2, ""name"": ""Sit To Stand""}, ""8"": {""available_windows"": 2, ""name"": ""Sit To Lie""}}"
hapt,loso_subject_20,20,14,False,12,15,"{""1"": {""available_windows"": 2, ""name"": ""Walking Upstairs""}, ""3"": {""available_windows"": 1, ""name"": ""Sitting""}, ""4"": {""available_windows"": 4, ""name"": ""Standing""}, ""6"": {""available_windows"": 2, ""name"": ""Stand To Sit""}, ""7"": {""available_windows"": 2, ""name"": ""Sit To Stand""}, ""8"": {""available_windows"": 2, ""name"": ""Sit To Lie""}}"
hapt,loso_subject_20,20,15,False,12,16,"{""1"": {""available_windows"": 2, ""name"": ""Walking Upstairs""}, ""3"": {""available_windows"": 1, ""name"": ""Sitting""}, ""4"": {""available_windows"": 4, ""name"": ""Standing""}, ""6"": {""available_windows"": 2, ""name"": ""Stand To Sit""}, ""7"": {""available_windows"": 2, ""name"": ""Sit To Stand""}, ""8"": {""available_windows"": 2, ""name"": ""Sit To Lie""}}"
hapt,loso_subject_20,20,16,False,12,17,"{""1"": {""available_windows"": 2, ""name"": ""Walking Upstairs""}, ""3"": {""available_windows"": 1, ""name"": ""Sitting""}, ""4"": {""available_windows"": 4, ""name"": ""Standing""}, ""6"": {""available_windows"": 2, ""name"": ""Stand To Sit""}, ""7"": {""available_windows"": 2, ""name"": ""Sit To Stand""}, ""8"": {""available_windows"": 2, ""name"": ""Sit To Lie""}}"
hapt,loso_subject_21,21,0,True,11,1,{}
hapt,loso_subject_21,21,1,False,11,2,"{""1"": {""available_windows"": 1, ""name"": ""Walking Upstairs""}}"
hapt,loso_subject_21,21,2,False,11,3,"{""1"": {""available_windows"": 1, ""name"": ""Walking Upstairs""}, ""4"": {""available_windows"": 2, ""name"": ""Standing""}, ""7"": {""available_windows"": 2, ""name"": ""Sit To Stand""}, ""8"": {""available_windows"": 2, ""name"": ""Sit To Lie""}}"
hapt,loso_subject_21,21,3,False,11,4,"{""1"": {""available_windows"": 1, ""name"": ""Walking Upstairs""}, ""4"": {""available_windows"": 2, ""name"": ""Standing""}, ""6"": {""available_windows"": 3, ""name"": ""Stand To Sit""}, ""7"": {""available_windows"": 2, ""name"": ""Sit To Stand""}, ""8"": {""available_windows"": 2, ""name"": ""Sit To Lie""}}"
hapt,loso_subject_21,21,4,False,11,5,"{""1"": {""available_windows"": 1, ""name"": ""Walking Upstairs""}, ""4"": {""available_windows"": 2, ""name"": ""Standing""}, ""6"": {""available_windows"": 3, ""name"": ""Stand To Sit""}, ""7"": {""available_windows"": 2, ""name"": ""Sit To Stand""}, ""8"": {""available_windows"": 2, ""name"": ""Sit To Lie""}}"
hapt,loso_subject_21,21,5,False,11,6,"{""1"": {""available_windows"": 1, ""name"": ""Walking Upstairs""}, ""4"": {""available_windows"": 2, ""name"": ""Standing""}, ""6"": {""available_windows"": 3, ""name"": ""Stand To Sit""}, ""7"": {""available_windows"": 2, ""name"": ""Sit To Stand""}, ""8"": {""available_windows"": 2, ""name"": ""Sit To Lie""}}"
hapt,loso_subject_21,21,6,False,11,7,"{""1"": {""available_windows"": 1, ""name"": ""Walking Upstairs""}, ""4"": {""available_windows"": 2, ""name"": ""Standing""}, ""6"": {""available_windows"": 3, ""name"": ""Stand To Sit""}, ""7"": {""available_windows"": 2, ""name"": ""Sit To Stand""}, ""8"": {""available_windows"": 2, ""name"": ""Sit To Lie""}}"
hapt,loso_subject_21,21,7,False,11,8,"{""1"": {""available_windows"": 1, ""name"": ""Walking Upstairs""}, ""4"": {""available_windows"": 2, ""name"": ""Standing""}, ""6"": {""available_windows"": 3, ""name"": ""Stand To Sit""}, ""7"": {""available_windows"": 2, ""name"": ""Sit To Stand""}, ""8"": {""available_windows"": 2, ""name"": ""Sit To Lie""}}"
hapt,loso_subject_21,21,8,False,11,9,"{""1"": {""available_windows"": 1, ""name"": ""Walking Upstairs""}, ""4"": {""available_windows"": 2, ""name"": ""Standing""}, ""6"": {""available_windows"": 3, ""name"": ""Stand To Sit""}, ""7"": {""available_windows"": 2, ""name"": ""Sit To Stand""}, ""8"": {""available_windows"": 2, ""name"": ""Sit To Lie""}}"
hapt,loso_subject_21,21,9,False,11,10,"{""1"": {""available_windows"": 1, ""name"": ""Walking Upstairs""}, ""4"": {""available_windows"": 2, ""name"": ""Standing""}, ""6"": {""available_windows"": 3, ""name"": ""Stand To Sit""}, ""7"": {""available_windows"": 2, ""name"": ""Sit To Stand""}, ""8"": {""available_windows"": 2, ""name"": ""Sit To Lie""}}"
hapt,loso_subject_21,21,10,False,11,11,"{""1"": {""available_windows"": 1, ""name"": ""Walking Upstairs""}, ""4"": {""available_windows"": 2, ""name"": ""Standing""}, ""6"": {""available_windows"": 3, ""name"": ""Stand To Sit""}, ""7"": {""available_windows"": 2, ""name"": ""Sit To Stand""}, ""8"": {""available_windows"": 2, ""name"": ""Sit To Lie""}}"
hapt,loso_subject_21,21,11,False,11,12,"{""1"": {""available_windows"": 1, ""name"": ""Walking Upstairs""}, ""4"": {""available_windows"": 2, ""name"": ""Standing""}, ""6"": {""available_windows"": 3, ""name"": ""Stand To Sit""}, ""7"": {""available_windows"": 2, ""name"": ""Sit To Stand""}, ""8"": {""available_windows"": 2, ""name"": ""Sit To Lie""}}"
hapt,loso_subject_21,21,12,False,11,13,"{""1"": {""available_windows"": 1, ""name"": ""Walking Upstairs""}, ""4"": {""available_windows"": 2, ""name"": ""Standing""}, ""6"": {""available_windows"": 3, ""name"": ""Stand To Sit""}, ""7"": {""available_windows"": 2, ""name"": ""Sit To Stand""}, ""8"": {""available_windows"": 2, ""name"": ""Sit To Lie""}}"
hapt,loso_subject_21,21,13,False,11,14,"{""1"": {""available_windows"": 1, ""name"": ""Walking Upstairs""}, ""4"": {""available_windows"": 2, ""name"": ""Standing""}, ""6"": {""available_windows"": 3, ""name"": ""Stand To Sit""}, ""7"": {""available_windows"": 2, ""name"": ""Sit To Stand""}, ""8"": {""available_windows"": 2, ""name"": ""Sit To Lie""}}"
hapt,loso_subject_21,21,14,False,11,15,"{""1"": {""available_windows"": 1, ""name"": ""Walking Upstairs""}, ""4"": {""available_windows"": 2, ""name"": ""Standing""}, ""6"": {""available_windows"": 3, ""name"": ""Stand To Sit""}, ""7"": {""available_windows"": 2, ""name"": ""Sit To Stand""}, ""8"": {""available_windows"": 2, ""name"": ""Sit To Lie""}}"
hapt,loso_subject_21,21,15,False,11,16,"{""1"": {""available_windows"": 1, ""name"": ""Walking Upstairs""}, ""4"": {""available_windows"": 2, ""name"": ""Standing""}, ""6"": {""available_windows"": 3, ""name"": ""Stand To Sit""}, ""7"": {""available_windows"": 2, ""name"": ""Sit To Stand""}, ""8"": {""available_windows"": 2, ""name"": ""Sit To Lie""}}"
hapt,loso_subject_21,21,16,False,11,17,"{""1"": {""available_windows"": 1, ""name"": ""Walking Upstairs""}, ""4"": {""available_windows"": 2, ""name"": ""Standing""}, ""6"": {""available_windows"": 3, ""name"": ""Stand To Sit""}, ""7"": {""available_windows"": 2, ""name"": ""Sit To Stand""}, ""8"": {""available_windows"": 2, ""name"": ""Sit To Lie""}}"
hapt,loso_subject_22,22,0,True,12,1,{}
hapt,loso_subject_22,22,1,False,12,2,"{""3"": {""available_windows"": 1, ""name"": ""Sitting""}}"
hapt,loso_subject_22,22,2,False,12,3,"{""1"": {""available_windows"": 2, ""name"": ""Walking Upstairs""}, ""3"": {""available_windows"": 1, ""name"": ""Sitting""}, ""6"": {""available_windows"": 2, ""name"": ""Stand To Sit""}, ""7"": {""available_windows"": 2, ""name"": ""Sit To Stand""}, ""8"": {""available_windows"": 2, ""name"": ""Sit To Lie""}}"
hapt,loso_subject_22,22,3,False,12,4,"{""1"": {""available_windows"": 2, ""name"": ""Walking Upstairs""}, ""3"": {""available_windows"": 1, ""name"": ""Sitting""}, ""4"": {""available_windows"": 3, ""name"": ""Standing""}, ""6"": {""available_windows"": 2, ""name"": ""Stand To Sit""}, ""7"": {""available_windows"": 2, ""name"": ""Sit To Stand""}, ""8"": {""available_windows"": 2, ""name"": ""Sit To Lie""}}"
hapt,loso_subject_22,22,4,False,12,5,"{""1"": {""available_windows"": 2, ""name"": ""Walking Upstairs""}, ""3"": {""available_windows"": 1, ""name"": ""Sitting""}, ""4"": {""available_windows"": 3, ""name"": ""Standing""}, ""6"": {""available_windows"": 2, ""name"": ""Stand To Sit""}, ""7"": {""available_windows"": 2, ""name"": ""Sit To Stand""}, ""8"": {""available_windows"": 2, ""name"": ""Sit To Lie""}}"
hapt,loso_subject_22,22,5,False,12,6,"{""1"": {""available_windows"": 2, ""name"": ""Walking Upstairs""}, ""3"": {""available_windows"": 1, ""name"": ""Sitting""}, ""4"": {""available_windows"": 3, ""name"": ""Standing""}, ""6"": {""available_windows"": 2, ""name"": ""Stand To Sit""}, ""7"": {""available_windows"": 2, ""name"": ""Sit To Stand""}, ""8"": {""available_windows"": 2, ""name"": ""Sit To Lie""}}"
hapt,loso_subject_22,22,6,False,12,7,"{""1"": {""available_windows"": 2, ""name"": ""Walking Upstairs""}, ""3"": {""available_windows"": 1, ""name"": ""Sitting""}, ""4"": {""available_windows"": 3, ""name"": ""Standing""}, ""6"": {""available_windows"": 2, ""name"": ""Stand To Sit""}, ""7"": {""available_windows"": 2, ""name"": ""Sit To Stand""}, ""8"": {""available_windows"": 2, ""name"": ""Sit To Lie""}}"
hapt,loso_subject_22,22,7,False,12,8,"{""1"": {""available_windows"": 2, ""name"": ""Walking Upstairs""}, ""3"": {""available_windows"": 1, ""name"": ""Sitting""}, ""4"": {""available_windows"": 3, ""name"": ""Standing""}, ""6"": {""available_windows"": 2, ""name"": ""Stand To Sit""}, ""7"": {""available_windows"": 2, ""name"": ""Sit To Stand""}, ""8"": {""available_windows"": 2, ""name"": ""Sit To Lie""}}"
hapt,loso_subject_22,22,8,False,12,9,"{""1"": {""available_windows"": 2, ""name"": ""Walking Upstairs""}, ""3"": {""available_windows"": 1, ""name"": ""Sitting""}, ""4"": {""available_windows"": 3, ""name"": ""Standing""}, ""6"": {""available_windows"": 2, ""name"": ""Stand To Sit""}, ""7"": {""available_windows"": 2, ""name"": ""Sit To Stand""}, ""8"": {""available_windows"": 2, ""name"": ""Sit To Lie""}}"
hapt,loso_subject_22,22,9,False,12,10,"{""1"": {""available_windows"": 2, ""name"": ""Walking Upstairs""}, ""3"": {""available_windows"": 1, ""name"": ""Sitting""}, ""4"": {""available_windows"": 3, ""name"": ""Standing""}, ""6"": {""available_windows"": 2, ""name"": ""Stand To Sit""}, ""7"": {""available_windows"": 2, ""name"": ""Sit To Stand""}, ""8"": {""available_windows"": 2, ""name"": ""Sit To Lie""}}"
hapt,loso_subject_22,22,10,False,12,11,"{""1"": {""available_windows"": 2, ""name"": ""Walking Upstairs""}, ""3"": {""available_windows"": 1, ""name"": ""Sitting""}, ""4"": {""available_windows"": 3, ""name"": ""Standing""}, ""6"": {""available_windows"": 2, ""name"": ""Stand To Sit""}, ""7"": {""available_windows"": 2, ""name"": ""Sit To Stand""}, ""8"": {""available_windows"": 2, ""name"": ""Sit To Lie""}}"
hapt,loso_subject_22,22,11,False,12,12,"{""1"": {""available_windows"": 2, ""name"": ""Walking Upstairs""}, ""3"": {""available_windows"": 1, ""name"": ""Sitting""}, ""4"": {""available_windows"": 3, ""name"": ""Standing""}, ""6"": {""available_windows"": 2, ""name"": ""Stand To Sit""}, ""7"": {""available_windows"": 2, ""name"": ""Sit To Stand""}, ""8"": {""available_windows"": 2, ""name"": ""Sit To Lie""}}"
hapt,loso_subject_22,22,12,False,12,13,"{""1"": {""available_windows"": 2, ""name"": ""Walking Upstairs""}, ""3"": {""available_windows"": 1, ""name"": ""Sitting""}, ""4"": {""available_windows"": 3, ""name"": ""Standing""}, ""6"": {""available_windows"": 2, ""name"": ""Stand To Sit""}, ""7"": {""available_windows"": 2, ""name"": ""Sit To Stand""}, ""8"": {""available_windows"": 2, ""name"": ""Sit To Lie""}}"
hapt,loso_subject_22,22,13,False,12,14,"{""1"": {""available_windows"": 2, ""name"": ""Walking Upstairs""}, ""3"": {""available_windows"": 1, ""name"": ""Sitting""}, ""4"": {""available_windows"": 3, ""name"": ""Standing""}, ""6"": {""available_windows"": 2, ""name"": ""Stand To Sit""}, ""7"": {""available_windows"": 2, ""name"": ""Sit To Stand""}, ""8"": {""available_windows"": 2, ""name"": ""Sit To Lie""}}"
hapt,loso_subject_22,22,14,False,12,15,"{""1"": {""available_windows"": 2, ""name"": ""Walking Upstairs""}, ""3"": {""available_windows"": 1, ""name"": ""Sitting""}, ""4"": {""available_windows"": 3, ""name"": ""Standing""}, ""6"": {""available_windows"": 2, ""name"": ""Stand To Sit""}, ""7"": {""available_windows"": 2, ""name"": ""Sit To Stand""}, ""8"": {""available_windows"": 2, ""name"": ""Sit To Lie""}}"
hapt,loso_subject_22,22,15,False,12,16,"{""1"": {""available_windows"": 2, ""name"": ""Walking Upstairs""}, ""3"": {""available_windows"": 1, ""name"": ""Sitting""}, ""4"": {""available_windows"": 3, ""name"": ""Standing""}, ""6"": {""available_windows"": 2, ""name"": ""Stand To Sit""}, ""7"": {""available_windows"": 2, ""name"": ""Sit To Stand""}, ""8"": {""available_windows"": 2, ""name"": ""Sit To Lie""}}"
hapt,loso_subject_22,22,16,False,12,17,"{""1"": {""available_windows"": 2, ""name"": ""Walking Upstairs""}, ""3"": {""available_windows"": 1, ""name"": ""Sitting""}, ""4"": {""available_windows"": 3, ""name"": ""Standing""}, ""6"": {""available_windows"": 2, ""name"": ""Stand To Sit""}, ""7"": {""available_windows"": 2, ""name"": ""Sit To Stand""}, ""8"": {""available_windows"": 2, ""name"": ""Sit To Lie""}}"
hapt,loso_subject_23,23,0,True,11,1,{}
hapt,loso_subject_23,23,1,True,11,2,{}
hapt,loso_subject_23,23,2,False,11,3,"{""1"": {""available_windows"": 2, ""name"": ""Walking Upstairs""}, ""6"": {""available_windows"": 2, ""name"": ""Stand To Sit""}, ""7"": {""available_windows"": 2, ""name"": ""Sit To Stand""}}"
hapt,loso_subject_23,23,3,False,11,4,"{""1"": {""available_windows"": 2, ""name"": ""Walking Upstairs""}, ""6"": {""available_windows"": 2, ""name"": ""Stand To Sit""}, ""7"": {""available_windows"": 2, ""name"": ""Sit To Stand""}, ""8"": {""available_windows"": 3, ""name"": ""Sit To Lie""}}"
hapt,loso_subject_23,23,4,False,11,5,"{""1"": {""available_windows"": 2, ""name"": ""Walking Upstairs""}, ""4"": {""available_windows"": 4, ""name"": ""Standing""}, ""6"": {""available_windows"": 2, ""name"": ""Stand To Sit""}, ""7"": {""available_windows"": 2, ""name"": ""Sit To Stand""}, ""8"": {""available_windows"": 3, ""name"": ""Sit To Lie""}}"
hapt,loso_subject_23,23,5,False,11,6,"{""1"": {""available_windows"": 2, ""name"": ""Walking Upstairs""}, ""4"": {""available_windows"": 4, ""name"": ""Standing""}, ""6"": {""available_windows"": 2, ""name"": ""Stand To Sit""}, ""7"": {""available_windows"": 2, ""name"": ""Sit To Stand""}, ""8"": {""available_windows"": 3, ""name"": ""Sit To Lie""}}"
hapt,loso_subject_23,23,6,False,11,7,"{""1"": {""available_windows"": 2, ""name"": ""Walking Upstairs""}, ""4"": {""available_windows"": 4, ""name"": ""Standing""}, ""6"": {""available_windows"": 2, ""name"": ""Stand To Sit""}, ""7"": {""available_windows"": 2, ""name"": ""Sit To Stand""}, ""8"": {""available_windows"": 3, ""name"": ""Sit To Lie""}}"
hapt,loso_subject_23,23,7,False,11,8,"{""1"": {""available_windows"": 2, ""name"": ""Walking Upstairs""}, ""4"": {""available_windows"": 4, ""name"": ""Standing""}, ""6"": {""available_windows"": 2, ""name"": ""Stand To Sit""}, ""7"": {""available_windows"": 2, ""name"": ""Sit To Stand""}, ""8"": {""available_windows"": 3, ""name"": ""Sit To Lie""}}"
hapt,loso_subject_23,23,8,False,11,9,"{""1"": {""available_windows"": 2, ""name"": ""Walking Upstairs""}, ""4"": {""available_windows"": 4, ""name"": ""Standing""}, ""6"": {""available_windows"": 2, ""name"": ""Stand To Sit""}, ""7"": {""available_windows"": 2, ""name"": ""Sit To Stand""}, ""8"": {""available_windows"": 3, ""name"": ""Sit To Lie""}}"
hapt,loso_subject_23,23,9,False,11,10,"{""1"": {""available_windows"": 2, ""name"": ""Walking Upstairs""}, ""4"": {""available_windows"": 4, ""name"": ""Standing""}, ""6"": {""available_windows"": 2, ""name"": ""Stand To Sit""}, ""7"": {""available_windows"": 2, ""name"": ""Sit To Stand""}, ""8"": {""available_windows"": 3, ""name"": ""Sit To Lie""}}"
hapt,loso_subject_23,23,10,False,11,11,"{""1"": {""available_windows"": 2, ""name"": ""Walking Upstairs""}, ""4"": {""available_windows"": 4, ""name"": ""Standing""}, ""6"": {""available_windows"": 2, ""name"": ""Stand To Sit""}, ""7"": {""available_windows"": 2, ""name"": ""Sit To Stand""}, ""8"": {""available_windows"": 3, ""name"": ""Sit To Lie""}}"
hapt,loso_subject_23,23,11,False,11,12,"{""1"": {""available_windows"": 2, ""name"": ""Walking Upstairs""}, ""4"": {""available_windows"": 4, ""name"": ""Standing""}, ""6"": {""available_windows"": 2, ""name"": ""Stand To Sit""}, ""7"": {""available_windows"": 2, ""name"": ""Sit To Stand""}, ""8"": {""available_windows"": 3, ""name"": ""Sit To Lie""}}"
hapt,loso_subject_23,23,12,False,11,13,"{""1"": {""available_windows"": 2, ""name"": ""Walking Upstairs""}, ""4"": {""available_windows"": 4, ""name"": ""Standing""}, ""6"": {""available_windows"": 2, ""name"": ""Stand To Sit""}, ""7"": {""available_windows"": 2, ""name"": ""Sit To Stand""}, ""8"": {""available_windows"": 3, ""name"": ""Sit To Lie""}}"
hapt,loso_subject_23,23,13,False,11,14,"{""1"": {""available_windows"": 2, ""name"": ""Walking Upstairs""}, ""4"": {""available_windows"": 4, ""name"": ""Standing""}, ""6"": {""available_windows"": 2, ""name"": ""Stand To Sit""}, ""7"": {""available_windows"": 2, ""name"": ""Sit To Stand""}, ""8"": {""available_windows"": 3, ""name"": ""Sit To Lie""}}"
hapt,loso_subject_23,23,14,False,11,15,"{""1"": {""available_windows"": 2, ""name"": ""Walking Upstairs""}, ""4"": {""available_windows"": 4, ""name"": ""Standing""}, ""6"": {""available_windows"": 2, ""name"": ""Stand To Sit""}, ""7"": {""available_windows"": 2, ""name"": ""Sit To Stand""}, ""8"": {""available_windows"": 3, ""name"": ""Sit To Lie""}}"
hapt,loso_subject_23,23,15,False,11,16,"{""1"": {""available_windows"": 2, ""name"": ""Walking Upstairs""}, ""4"": {""available_windows"": 4, ""name"": ""Standing""}, ""6"": {""available_windows"": 2, ""name"": ""Stand To Sit""}, ""7"": {""available_windows"": 2, ""name"": ""Sit To Stand""}, ""8"": {""available_windows"": 3, ""name"": ""Sit To Lie""}}"
hapt,loso_subject_23,23,16,False,11,17,"{""1"": {""available_windows"": 2, ""name"": ""Walking Upstairs""}, ""4"": {""available_windows"": 4, ""name"": ""Standing""}, ""6"": {""available_windows"": 2, ""name"": ""Stand To Sit""}, ""7"": {""available_windows"": 2, ""name"": ""Sit To Stand""}, ""8"": {""available_windows"": 3, ""name"": ""Sit To Lie""}}"
hapt,loso_subject_24,24,0,True,12,1,{}
hapt,loso_subject_24,24,1,True,12,2,{}
hapt,loso_subject_24,24,2,False,12,3,"{""1"": {""available_windows"": 2, ""name"": ""Walking Upstairs""}, ""3"": {""available_windows"": 2, ""name"": ""Sitting""}, ""4"": {""available_windows"": 2, ""name"": ""Standing""}, ""7"": {""available_windows"": 2, ""name"": ""Sit To Stand""}}"
hapt,loso_subject_24,24,3,False,12,4,"{""1"": {""available_windows"": 2, ""name"": ""Walking Upstairs""}, ""3"": {""available_windows"": 2, ""name"": ""Sitting""}, ""4"": {""available_windows"": 2, ""name"": ""Standing""}, ""6"": {""available_windows"": 3, ""name"": ""Stand To Sit""}, ""7"": {""available_windows"": 2, ""name"": ""Sit To Stand""}, ""8"": {""available_windows"": 3, ""name"": ""Sit To Lie""}}"
hapt,loso_subject_24,24,4,False,12,5,"{""1"": {""available_windows"": 2, ""name"": ""Walking Upstairs""}, ""3"": {""available_windows"": 2, ""name"": ""Sitting""}, ""4"": {""available_windows"": 2, ""name"": ""Standing""}, ""6"": {""available_windows"": 3, ""name"": ""Stand To Sit""}, ""7"": {""available_windows"": 2, ""name"": ""Sit To Stand""}, ""8"": {""available_windows"": 3, ""name"": ""Sit To Lie""}}"
hapt,loso_subject_24,24,5,False,12,6,"{""1"": {""available_windows"": 2, ""name"": ""Walking Upstairs""}, ""3"": {""available_windows"": 2, ""name"": ""Sitting""}, ""4"": {""available_windows"": 2, ""name"": ""Standing""}, ""6"": {""available_windows"": 3, ""name"": ""Stand To Sit""}, ""7"": {""available_windows"": 2, ""name"": ""Sit To Stand""}, ""8"": {""available_windows"": 3, ""name"": ""Sit To Lie""}}"
hapt,loso_subject_24,24,6,False,12,7,"{""1"": {""available_windows"": 2, ""name"": ""Walking Upstairs""}, ""3"": {""available_windows"": 2, ""name"": ""Sitting""}, ""4"": {""available_windows"": 2, ""name"": ""Standing""}, ""6"": {""available_windows"": 3, ""name"": ""Stand To Sit""}, ""7"": {""available_windows"": 2, ""name"": ""Sit To Stand""}, ""8"": {""available_windows"": 3, ""name"": ""Sit To Lie""}}"
hapt,loso_subject_24,24,7,False,12,8,"{""1"": {""available_windows"": 2, ""name"": ""Walking Upstairs""}, ""3"": {""available_windows"": 2, ""name"": ""Sitting""}, ""4"": {""available_windows"": 2, ""name"": ""Standing""}, ""6"": {""available_windows"": 3, ""name"": ""Stand To Sit""}, ""7"": {""available_windows"": 2, ""name"": ""Sit To Stand""}, ""8"": {""available_windows"": 3, ""name"": ""Sit To Lie""}}"
hapt,loso_subject_24,24,8,False,12,9,"{""1"": {""available_windows"": 2, ""name"": ""Walking Upstairs""}, ""3"": {""available_windows"": 2, ""name"": ""Sitting""}, ""4"": {""available_windows"": 2, ""name"": ""Standing""}, ""6"": {""available_windows"": 3, ""name"": ""Stand To Sit""}, ""7"": {""available_windows"": 2, ""name"": ""Sit To Stand""}, ""8"": {""available_windows"": 3, ""name"": ""Sit To Lie""}}"
hapt,loso_subject_24,24,9,False,12,10,"{""1"": {""available_windows"": 2, ""name"": ""Walking Upstairs""}, ""3"": {""available_windows"": 2, ""name"": ""Sitting""}, ""4"": {""available_windows"": 2, ""name"": ""Standing""}, ""6"": {""available_windows"": 3, ""name"": ""Stand To Sit""}, ""7"": {""available_windows"": 2, ""name"": ""Sit To Stand""}, ""8"": {""available_windows"": 3, ""name"": ""Sit To Lie""}}"
hapt,loso_subject_24,24,10,False,12,11,"{""1"": {""available_windows"": 2, ""name"": ""Walking Upstairs""}, ""3"": {""available_windows"": 2, ""name"": ""Sitting""}, ""4"": {""available_windows"": 2, ""name"": ""Standing""}, ""6"": {""available_windows"": 3, ""name"": ""Stand To Sit""}, ""7"": {""available_windows"": 2, ""name"": ""Sit To Stand""}, ""8"": {""available_windows"": 3, ""name"": ""Sit To Lie""}}"
hapt,loso_subject_24,24,11,False,12,12,"{""1"": {""available_windows"": 2, ""name"": ""Walking Upstairs""}, ""3"": {""available_windows"": 2, ""name"": ""Sitting""}, ""4"": {""available_windows"": 2, ""name"": ""Standing""}, ""6"": {""available_windows"": 3, ""name"": ""Stand To Sit""}, ""7"": {""available_windows"": 2, ""name"": ""Sit To Stand""}, ""8"": {""available_windows"": 3, ""name"": ""Sit To Lie""}}"
hapt,loso_subject_24,24,12,False,12,13,"{""1"": {""available_windows"": 2, ""name"": ""Walking Upstairs""}, ""3"": {""available_windows"": 2, ""name"": ""Sitting""}, ""4"": {""available_windows"": 2, ""name"": ""Standing""}, ""6"": {""available_windows"": 3, ""name"": ""Stand To Sit""}, ""7"": {""available_windows"": 2, ""name"": ""Sit To Stand""}, ""8"": {""available_windows"": 3, ""name"": ""Sit To Lie""}}"
hapt,loso_subject_24,24,13,False,12,14,"{""1"": {""available_windows"": 2, ""name"": ""Walking Upstairs""}, ""3"": {""available_windows"": 2, ""name"": ""Sitting""}, ""4"": {""available_windows"": 2, ""name"": ""Standing""}, ""6"": {""available_windows"": 3, ""name"": ""Stand To Sit""}, ""7"": {""available_windows"": 2, ""name"": ""Sit To Stand""}, ""8"": {""available_windows"": 3, ""name"": ""Sit To Lie""}}"
hapt,loso_subject_24,24,14,False,12,15,"{""1"": {""available_windows"": 2, ""name"": ""Walking Upstairs""}, ""3"": {""available_windows"": 2, ""name"": ""Sitting""}, ""4"": {""available_windows"": 2, ""name"": ""Standing""}, ""6"": {""available_windows"": 3, ""name"": ""Stand To Sit""}, ""7"": {""available_windows"": 2, ""name"": ""Sit To Stand""}, ""8"": {""available_windows"": 3, ""name"": ""Sit To Lie""}}"
hapt,loso_subject_24,24,15,False,12,16,"{""1"": {""available_windows"": 2, ""name"": ""Walking Upstairs""}, ""3"": {""available_windows"": 2, ""name"": ""Sitting""}, ""4"": {""available_windows"": 2, ""name"": ""Standing""}, ""6"": {""available_windows"": 3, ""name"": ""Stand To Sit""}, ""7"": {""available_windows"": 2, ""name"": ""Sit To Stand""}, ""8"": {""available_windows"": 3, ""name"": ""Sit To Lie""}}"
hapt,loso_subject_24,24,16,False,12,17,"{""1"": {""available_windows"": 2, ""name"": ""Walking Upstairs""}, ""3"": {""available_windows"": 2, ""name"": ""Sitting""}, ""4"": {""available_windows"": 2, ""name"": ""Standing""}, ""6"": {""available_windows"": 3, ""name"": ""Stand To Sit""}, ""7"": {""available_windows"": 2, ""name"": ""Sit To Stand""}, ""8"": {""available_windows"": 3, ""name"": ""Sit To Lie""}}"
hapt,loso_subject_25,25,0,True,12,1,{}
hapt,loso_subject_25,25,1,False,12,2,"{""3"": {""available_windows"": 1, ""name"": ""Sitting""}}"
hapt,loso_subject_25,25,2,False,12,3,"{""1"": {""available_windows"": 2, ""name"": ""Walking Upstairs""}, ""3"": {""available_windows"": 1, ""name"": ""Sitting""}, ""4"": {""available_windows"": 2, ""name"": ""Standing""}, ""6"": {""available_windows"": 2, ""name"": ""Stand To Sit""}, ""7"": {""available_windows"": 2, ""name"": ""Sit To Stand""}, ""8"": {""available_windows"": 2, ""name"": ""Sit To Lie""}}"
hapt,loso_subject_25,25,3,False,12,4,"{""1"": {""available_windows"": 2, ""name"": ""Walking Upstairs""}, ""3"": {""available_windows"": 1, ""name"": ""Sitting""}, ""4"": {""available_windows"": 2, ""name"": ""Standing""}, ""6"": {""available_windows"": 2, ""name"": ""Stand To Sit""}, ""7"": {""available_windows"": 2, ""name"": ""Sit To Stand""}, ""8"": {""available_windows"": 2, ""name"": ""Sit To Lie""}}"
hapt,loso_subject_25,25,4,False,12,5,"{""1"": {""available_windows"": 2, ""name"": ""Walking Upstairs""}, ""3"": {""available_windows"": 1, ""name"": ""Sitting""}, ""4"": {""available_windows"": 2, ""name"": ""Standing""}, ""6"": {""available_windows"": 2, ""name"": ""Stand To Sit""}, ""7"": {""available_windows"": 2, ""name"": ""Sit To Stand""}, ""8"": {""available_windows"": 2, ""name"": ""Sit To Lie""}}"
hapt,loso_subject_25,25,5,False,12,6,"{""1"": {""available_windows"": 2, ""name"": ""Walking Upstairs""}, ""3"": {""available_windows"": 1, ""name"": ""Sitting""}, ""4"": {""available_windows"": 2, ""name"": ""Standing""}, ""6"": {""available_windows"": 2, ""name"": ""Stand To Sit""}, ""7"": {""available_windows"": 2, ""name"": ""Sit To Stand""}, ""8"": {""available_windows"": 2, ""name"": ""Sit To Lie""}}"
hapt,loso_subject_25,25,6,False,12,7,"{""1"": {""available_windows"": 2, ""name"": ""Walking Upstairs""}, ""3"": {""available_windows"": 1, ""name"": ""Sitting""}, ""4"": {""available_windows"": 2, ""name"": ""Standing""}, ""6"": {""available_windows"": 2, ""name"": ""Stand To Sit""}, ""7"": {""available_windows"": 2, ""name"": ""Sit To Stand""}, ""8"": {""available_windows"": 2, ""name"": ""Sit To Lie""}}"
hapt,loso_subject_25,25,7,False,12,8,"{""1"": {""available_windows"": 2, ""name"": ""Walking Upstairs""}, ""3"": {""available_windows"": 1, ""name"": ""Sitting""}, ""4"": {""available_windows"": 2, ""name"": ""Standing""}, ""6"": {""available_windows"": 2, ""name"": ""Stand To Sit""}, ""7"": {""available_windows"": 2, ""name"": ""Sit To Stand""}, ""8"": {""available_windows"": 2, ""name"": ""Sit To Lie""}}"
hapt,loso_subject_25,25,8,False,12,9,"{""1"": {""available_windows"": 2, ""name"": ""Walking Upstairs""}, ""3"": {""available_windows"": 1, ""name"": ""Sitting""}, ""4"": {""available_windows"": 2, ""name"": ""Standing""}, ""6"": {""available_windows"": 2, ""name"": ""Stand To Sit""}, ""7"": {""available_windows"": 2, ""name"": ""Sit To Stand""}, ""8"": {""available_windows"": 2, ""name"": ""Sit To Lie""}}"
hapt,loso_subject_25,25,9,False,12,10,"{""1"": {""available_windows"": 2, ""name"": ""Walking Upstairs""}, ""3"": {""available_windows"": 1, ""name"": ""Sitting""}, ""4"": {""available_windows"": 2, ""name"": ""Standing""}, ""6"": {""available_windows"": 2, ""name"": ""Stand To Sit""}, ""7"": {""available_windows"": 2, ""name"": ""Sit To Stand""}, ""8"": {""available_windows"": 2, ""name"": ""Sit To Lie""}}"
hapt,loso_subject_25,25,10,False,12,11,"{""1"": {""available_windows"": 2, ""name"": ""Walking Upstairs""}, ""3"": {""available_windows"": 1, ""name"": ""Sitting""}, ""4"": {""available_windows"": 2, ""name"": ""Standing""}, ""6"": {""available_windows"": 2, ""name"": ""Stand To Sit""}, ""7"": {""available_windows"": 2, ""name"": ""Sit To Stand""}, ""8"": {""available_windows"": 2, ""name"": ""Sit To Lie""}}"
hapt,loso_subject_25,25,11,False,12,12,"{""1"": {""available_windows"": 2, ""name"": ""Walking Upstairs""}, ""3"": {""available_windows"": 1, ""name"": ""Sitting""}, ""4"": {""available_windows"": 2, ""name"": ""Standing""}, ""6"": {""available_windows"": 2, ""name"": ""Stand To Sit""}, ""7"": {""available_windows"": 2, ""name"": ""Sit To Stand""}, ""8"": {""available_windows"": 2, ""name"": ""Sit To Lie""}}"
hapt,loso_subject_25,25,12,False,12,13,"{""1"": {""available_windows"": 2, ""name"": ""Walking Upstairs""}, ""3"": {""available_windows"": 1, ""name"": ""Sitting""}, ""4"": {""available_windows"": 2, ""name"": ""Standing""}, ""6"": {""available_windows"": 2, ""name"": ""Stand To Sit""}, ""7"": {""available_windows"": 2, ""name"": ""Sit To Stand""}, ""8"": {""available_windows"": 2, ""name"": ""Sit To Lie""}}"
hapt,loso_subject_25,25,13,False,12,14,"{""1"": {""available_windows"": 2, ""name"": ""Walking Upstairs""}, ""3"": {""available_windows"": 1, ""name"": ""Sitting""}, ""4"": {""available_windows"": 2, ""name"": ""Standing""}, ""6"": {""available_windows"": 2, ""name"": ""Stand To Sit""}, ""7"": {""available_windows"": 2, ""name"": ""Sit To Stand""}, ""8"": {""available_windows"": 2, ""name"": ""Sit To Lie""}}"
hapt,loso_subject_25,25,14,False,12,15,"{""1"": {""available_windows"": 2, ""name"": ""Walking Upstairs""}, ""3"": {""available_windows"": 1, ""name"": ""Sitting""}, ""4"": {""available_windows"": 2, ""name"": ""Standing""}, ""6"": {""available_windows"": 2, ""name"": ""Stand To Sit""}, ""7"": {""available_windows"": 2, ""name"": ""Sit To Stand""}, ""8"": {""available_windows"": 2, ""name"": ""Sit To Lie""}}"
hapt,loso_subject_25,25,15,False,12,16,"{""1"": {""available_windows"": 2, ""name"": ""Walking Upstairs""}, ""3"": {""available_windows"": 1, ""name"": ""Sitting""}, ""4"": {""available_windows"": 2, ""name"": ""Standing""}, ""6"": {""available_windows"": 2, ""name"": ""Stand To Sit""}, ""7"": {""available_windows"": 2, ""name"": ""Sit To Stand""}, ""8"": {""available_windows"": 2, ""name"": ""Sit To Lie""}}"
hapt,loso_subject_25,25,16,False,12,17,"{""1"": {""available_windows"": 2, ""name"": ""Walking Upstairs""}, ""3"": {""available_windows"": 1, ""name"": ""Sitting""}, ""4"": {""available_windows"": 2, ""name"": ""Standing""}, ""6"": {""available_windows"": 2, ""name"": ""Stand To Sit""}, ""7"": {""available_windows"": 2, ""name"": ""Sit To Stand""}, ""8"": {""available_windows"": 2, ""name"": ""Sit To Lie""}}"
hapt,loso_subject_26,26,0,True,11,1,{}
hapt,loso_subject_26,26,1,False,11,2,"{""8"": {""available_windows"": 1, ""name"": ""Sit To Lie""}}"
hapt,loso_subject_26,26,2,False,11,3,"{""1"": {""available_windows"": 2, ""name"": ""Walking Upstairs""}, ""4"": {""available_windows"": 2, ""name"": ""Standing""}, ""6"": {""available_windows"": 2, ""name"": ""Stand To Sit""}, ""7"": {""available_windows"": 2, ""name"": ""Sit To Stand""}, ""8"": {""available_windows"": 1, ""name"": ""Sit To Lie""}}"
hapt,loso_subject_26,26,3,False,11,4,"{""1"": {""available_windows"": 2, ""name"": ""Walking Upstairs""}, ""4"": {""available_windows"": 2, ""name"": ""Standing""}, ""6"": {""available_windows"": 2, ""name"": ""Stand To Sit""}, ""7"": {""available_windows"": 2, ""name"": ""Sit To Stand""}, ""8"": {""available_windows"": 1, ""name"": ""Sit To Lie""}}"
hapt,loso_subject_26,26,4,False,11,5,"{""1"": {""available_windows"": 2, ""name"": ""Walking Upstairs""}, ""4"": {""available_windows"": 2, ""name"": ""Standing""}, ""6"": {""available_windows"": 2, ""name"": ""Stand To Sit""}, ""7"": {""available_windows"": 2, ""name"": ""Sit To Stand""}, ""8"": {""available_windows"": 1, ""name"": ""Sit To Lie""}}"
hapt,loso_subject_26,26,5,False,11,6,"{""1"": {""available_windows"": 2, ""name"": ""Walking Upstairs""}, ""4"": {""available_windows"": 2, ""name"": ""Standing""}, ""6"": {""available_windows"": 2, ""name"": ""Stand To Sit""}, ""7"": {""available_windows"": 2, ""name"": ""Sit To Stand""}, ""8"": {""available_windows"": 1, ""name"": ""Sit To Lie""}}"
hapt,loso_subject_26,26,6,False,11,7,"{""1"": {""available_windows"": 2, ""name"": ""Walking Upstairs""}, ""4"": {""available_windows"": 2, ""name"": ""Standing""}, ""6"": {""available_windows"": 2, ""name"": ""Stand To Sit""}, ""7"": {""available_windows"": 2, ""name"": ""Sit To Stand""}, ""8"": {""available_windows"": 1, ""name"": ""Sit To Lie""}}"
hapt,loso_subject_26,26,7,False,11,8,"{""1"": {""available_windows"": 2, ""name"": ""Walking Upstairs""}, ""4"": {""available_windows"": 2, ""name"": ""Standing""}, ""6"": {""available_windows"": 2, ""name"": ""Stand To Sit""}, ""7"": {""available_windows"": 2, ""name"": ""Sit To Stand""}, ""8"": {""available_windows"": 1, ""name"": ""Sit To Lie""}}"
hapt,loso_subject_26,26,8,False,11,9,"{""1"": {""available_windows"": 2, ""name"": ""Walking Upstairs""}, ""4"": {""available_windows"": 2, ""name"": ""Standing""}, ""6"": {""available_windows"": 2, ""name"": ""Stand To Sit""}, ""7"": {""available_windows"": 2, ""name"": ""Sit To Stand""}, ""8"": {""available_windows"": 1, ""name"": ""Sit To Lie""}}"
hapt,loso_subject_26,26,9,False,11,10,"{""1"": {""available_windows"": 2, ""name"": ""Walking Upstairs""}, ""4"": {""available_windows"": 2, ""name"": ""Standing""}, ""6"": {""available_windows"": 2, ""name"": ""Stand To Sit""}, ""7"": {""available_windows"": 2, ""name"": ""Sit To Stand""}, ""8"": {""available_windows"": 1, ""name"": ""Sit To Lie""}}"
hapt,loso_subject_26,26,10,False,11,11,"{""1"": {""available_windows"": 2, ""name"": ""Walking Upstairs""}, ""4"": {""available_windows"": 2, ""name"": ""Standing""}, ""6"": {""available_windows"": 2, ""name"": ""Stand To Sit""}, ""7"": {""available_windows"": 2, ""name"": ""Sit To Stand""}, ""8"": {""available_windows"": 1, ""name"": ""Sit To Lie""}}"
hapt,loso_subject_26,26,11,False,11,12,"{""1"": {""available_windows"": 2, ""name"": ""Walking Upstairs""}, ""4"": {""available_windows"": 2, ""name"": ""Standing""}, ""6"": {""available_windows"": 2, ""name"": ""Stand To Sit""}, ""7"": {""available_windows"": 2, ""name"": ""Sit To Stand""}, ""8"": {""available_windows"": 1, ""name"": ""Sit To Lie""}}"
hapt,loso_subject_26,26,12,False,11,13,"{""1"": {""available_windows"": 2, ""name"": ""Walking Upstairs""}, ""4"": {""available_windows"": 2, ""name"": ""Standing""}, ""6"": {""available_windows"": 2, ""name"": ""Stand To Sit""}, ""7"": {""available_windows"": 2, ""name"": ""Sit To Stand""}, ""8"": {""available_windows"": 1, ""name"": ""Sit To Lie""}}"
hapt,loso_subject_26,26,13,False,11,14,"{""1"": {""available_windows"": 2, ""name"": ""Walking Upstairs""}, ""4"": {""available_windows"": 2, ""name"": ""Standing""}, ""6"": {""available_windows"": 2, ""name"": ""Stand To Sit""}, ""7"": {""available_windows"": 2, ""name"": ""Sit To Stand""}, ""8"": {""available_windows"": 1, ""name"": ""Sit To Lie""}}"
hapt,loso_subject_26,26,14,False,11,15,"{""1"": {""available_windows"": 2, ""name"": ""Walking Upstairs""}, ""4"": {""available_windows"": 2, ""name"": ""Standing""}, ""6"": {""available_windows"": 2, ""name"": ""Stand To Sit""}, ""7"": {""available_windows"": 2, ""name"": ""Sit To Stand""}, ""8"": {""available_windows"": 1, ""name"": ""Sit To Lie""}}"
hapt,loso_subject_26,26,15,False,11,16,"{""1"": {""available_windows"": 2, ""name"": ""Walking Upstairs""}, ""4"": {""available_windows"": 2, ""name"": ""Standing""}, ""6"": {""available_windows"": 2, ""name"": ""Stand To Sit""}, ""7"": {""available_windows"": 2, ""name"": ""Sit To Stand""}, ""8"": {""available_windows"": 1, ""name"": ""Sit To Lie""}}"
hapt,loso_subject_26,26,16,False,11,17,"{""1"": {""available_windows"": 2, ""name"": ""Walking Upstairs""}, ""4"": {""available_windows"": 2, ""name"": ""Standing""}, ""6"": {""available_windows"": 2, ""name"": ""Stand To Sit""}, ""7"": {""available_windows"": 2, ""name"": ""Sit To Stand""}, ""8"": {""available_windows"": 1, ""name"": ""Sit To Lie""}}"
hapt,loso_subject_27,27,0,True,10,1,{}
hapt,loso_subject_27,27,1,False,10,2,"{""3"": {""available_windows"": 1, ""name"": ""Sitting""}}"
hapt,loso_subject_27,27,2,False,10,3,"{""3"": {""available_windows"": 1, ""name"": ""Sitting""}, ""7"": {""available_windows"": 2, ""name"": ""Sit To Stand""}, ""8"": {""available_windows"": 2, ""name"": ""Sit To Lie""}}"
hapt,loso_subject_27,27,3,False,10,4,"{""1"": {""available_windows"": 3, ""name"": ""Walking Upstairs""}, ""3"": {""available_windows"": 1, ""name"": ""Sitting""}, ""7"": {""available_windows"": 2, ""name"": ""Sit To Stand""}, ""8"": {""available_windows"": 2, ""name"": ""Sit To Lie""}}"
hapt,loso_subject_27,27,4,False,10,5,"{""1"": {""available_windows"": 3, ""name"": ""Walking Upstairs""}, ""3"": {""available_windows"": 1, ""name"": ""Sitting""}, ""7"": {""available_windows"": 2, ""name"": ""Sit To Stand""}, ""8"": {""available_windows"": 2, ""name"": ""Sit To Lie""}}"
hapt,loso_subject_27,27,5,False,10,6,"{""1"": {""available_windows"": 3, ""name"": ""Walking Upstairs""}, ""3"": {""available_windows"": 1, ""name"": ""Sitting""}, ""7"": {""available_windows"": 2, ""name"": ""Sit To Stand""}, ""8"": {""available_windows"": 2, ""name"": ""Sit To Lie""}}"
hapt,loso_subject_27,27,6,False,10,7,"{""1"": {""available_windows"": 3, ""name"": ""Walking Upstairs""}, ""3"": {""available_windows"": 1, ""name"": ""Sitting""}, ""7"": {""available_windows"": 2, ""name"": ""Sit To Stand""}, ""8"": {""available_windows"": 2, ""name"": ""Sit To Lie""}}"
hapt,loso_subject_27,27,7,False,10,8,"{""1"": {""available_windows"": 3, ""name"": ""Walking Upstairs""}, ""3"": {""available_windows"": 1, ""name"": ""Sitting""}, ""7"": {""available_windows"": 2, ""name"": ""Sit To Stand""}, ""8"": {""available_windows"": 2, ""name"": ""Sit To Lie""}}"
hapt,loso_subject_27,27,8,False,10,9,"{""1"": {""available_windows"": 3, ""name"": ""Walking Upstairs""}, ""3"": {""available_windows"": 1, ""name"": ""Sitting""}, ""7"": {""available_windows"": 2, ""name"": ""Sit To Stand""}, ""8"": {""available_windows"": 2, ""name"": ""Sit To Lie""}}"
hapt,loso_subject_27,27,9,False,10,10,"{""1"": {""available_windows"": 3, ""name"": ""Walking Upstairs""}, ""3"": {""available_windows"": 1, ""name"": ""Sitting""}, ""7"": {""available_windows"": 2, ""name"": ""Sit To Stand""}, ""8"": {""available_windows"": 2, ""name"": ""Sit To Lie""}}"
hapt,loso_subject_27,27,10,False,10,11,"{""1"": {""available_windows"": 3, ""name"": ""Walking Upstairs""}, ""3"": {""available_windows"": 1, ""name"": ""Sitting""}, ""7"": {""available_windows"": 2, ""name"": ""Sit To Stand""}, ""8"": {""available_windows"": 2, ""name"": ""Sit To Lie""}}"
hapt,loso_subject_27,27,11,False,10,12,"{""1"": {""available_windows"": 3, ""name"": ""Walking Upstairs""}, ""3"": {""available_windows"": 1, ""name"": ""Sitting""}, ""7"": {""available_windows"": 2, ""name"": ""Sit To Stand""}, ""8"": {""available_windows"": 2, ""name"": ""Sit To Lie""}}"
hapt,loso_subject_27,27,12,False,10,13,"{""1"": {""available_windows"": 3, ""name"": ""Walking Upstairs""}, ""3"": {""available_windows"": 1, ""name"": ""Sitting""}, ""7"": {""available_windows"": 2, ""name"": ""Sit To Stand""}, ""8"": {""available_windows"": 2, ""name"": ""Sit To Lie""}}"
hapt,loso_subject_27,27,13,False,10,14,"{""1"": {""available_windows"": 3, ""name"": ""Walking Upstairs""}, ""3"": {""available_windows"": 1, ""name"": ""Sitting""}, ""7"": {""available_windows"": 2, ""name"": ""Sit To Stand""}, ""8"": {""available_windows"": 2, ""name"": ""Sit To Lie""}}"
hapt,loso_subject_27,27,14,False,10,15,"{""1"": {""available_windows"": 3, ""name"": ""Walking Upstairs""}, ""3"": {""available_windows"": 1, ""name"": ""Sitting""}, ""7"": {""available_windows"": 2, ""name"": ""Sit To Stand""}, ""8"": {""available_windows"": 2, ""name"": ""Sit To Lie""}}"
hapt,loso_subject_27,27,15,False,10,16,"{""1"": {""available_windows"": 3, ""name"": ""Walking Upstairs""}, ""3"": {""available_windows"": 1, ""name"": ""Sitting""}, ""7"": {""available_windows"": 2, ""name"": ""Sit To Stand""}, ""8"": {""available_windows"": 2, ""name"": ""Sit To Lie""}}"
hapt,loso_subject_27,27,16,False,10,17,"{""1"": {""available_windows"": 3, ""name"": ""Walking Upstairs""}, ""3"": {""available_windows"": 1, ""name"": ""Sitting""}, ""7"": {""available_windows"": 2, ""name"": ""Sit To Stand""}, ""8"": {""available_windows"": 2, ""name"": ""Sit To Lie""}}"
hapt,loso_subject_28,28,0,True,12,1,{}
hapt,loso_subject_28,28,1,True,12,2,{}
hapt,loso_subject_28,28,2,False,12,3,"{""1"": {""available_windows"": 2, ""name"": ""Walking Upstairs""}, ""3"": {""available_windows"": 2, ""name"": ""Sitting""}, ""4"": {""available_windows"": 2, ""name"": ""Standing""}, ""6"": {""available_windows"": 2, ""name"": ""Stand To Sit""}, ""8"": {""available_windows"": 2, ""name"": ""Sit To Lie""}}"
hapt,loso_subject_28,28,3,False,12,4,"{""1"": {""available_windows"": 2, ""name"": ""Walking Upstairs""}, ""3"": {""available_windows"": 2, ""name"": ""Sitting""}, ""4"": {""available_windows"": 2, ""name"": ""Standing""}, ""6"": {""available_windows"": 2, ""name"": ""Stand To Sit""}, ""7"": {""available_windows"": 3, ""name"": ""Sit To Stand""}, ""8"": {""available_windows"": 2, ""name"": ""Sit To Lie""}}"
hapt,loso_subject_28,28,4,False,12,5,"{""1"": {""available_windows"": 2, ""name"": ""Walking Upstairs""}, ""3"": {""available_windows"": 2, ""name"": ""Sitting""}, ""4"": {""available_windows"": 2, ""name"": ""Standing""}, ""6"": {""available_windows"": 2, ""name"": ""Stand To Sit""}, ""7"": {""available_windows"": 3, ""name"": ""Sit To Stand""}, ""8"": {""available_windows"": 2, ""name"": ""Sit To Lie""}}"
hapt,loso_subject_28,28,5,False,12,6,"{""1"": {""available_windows"": 2, ""name"": ""Walking Upstairs""}, ""3"": {""available_windows"": 2, ""name"": ""Sitting""}, ""4"": {""available_windows"": 2, ""name"": ""Standing""}, ""6"": {""available_windows"": 2, ""name"": ""Stand To Sit""}, ""7"": {""available_windows"": 3, ""name"": ""Sit To Stand""}, ""8"": {""available_windows"": 2, ""name"": ""Sit To Lie""}}"
hapt,loso_subject_28,28,6,False,12,7,"{""1"": {""available_windows"": 2, ""name"": ""Walking Upstairs""}, ""3"": {""available_windows"": 2, ""name"": ""Sitting""}, ""4"": {""available_windows"": 2, ""name"": ""Standing""}, ""6"": {""available_windows"": 2, ""name"": ""Stand To Sit""}, ""7"": {""available_windows"": 3, ""name"": ""Sit To Stand""}, ""8"": {""available_windows"": 2, ""name"": ""Sit To Lie""}}"
hapt,loso_subject_28,28,7,False,12,8,"{""1"": {""available_windows"": 2, ""name"": ""Walking Upstairs""}, ""3"": {""available_windows"": 2, ""name"": ""Sitting""}, ""4"": {""available_windows"": 2, ""name"": ""Standing""}, ""6"": {""available_windows"": 2, ""name"": ""Stand To Sit""}, ""7"": {""available_windows"": 3, ""name"": ""Sit To Stand""}, ""8"": {""available_windows"": 2, ""name"": ""Sit To Lie""}}"
hapt,loso_subject_28,28,8,False,12,9,"{""1"": {""available_windows"": 2, ""name"": ""Walking Upstairs""}, ""3"": {""available_windows"": 2, ""name"": ""Sitting""}, ""4"": {""available_windows"": 2, ""name"": ""Standing""}, ""6"": {""available_windows"": 2, ""name"": ""Stand To Sit""}, ""7"": {""available_windows"": 3, ""name"": ""Sit To Stand""}, ""8"": {""available_windows"": 2, ""name"": ""Sit To Lie""}}"
hapt,loso_subject_28,28,9,False,12,10,"{""1"": {""available_windows"": 2, ""name"": ""Walking Upstairs""}, ""3"": {""available_windows"": 2, ""name"": ""Sitting""}, ""4"": {""available_windows"": 2, ""name"": ""Standing""}, ""6"": {""available_windows"": 2, ""name"": ""Stand To Sit""}, ""7"": {""available_windows"": 3, ""name"": ""Sit To Stand""}, ""8"": {""available_windows"": 2, ""name"": ""Sit To Lie""}}"
hapt,loso_subject_28,28,10,False,12,11,"{""1"": {""available_windows"": 2, ""name"": ""Walking Upstairs""}, ""3"": {""available_windows"": 2, ""name"": ""Sitting""}, ""4"": {""available_windows"": 2, ""name"": ""Standing""}, ""6"": {""available_windows"": 2, ""name"": ""Stand To Sit""}, ""7"": {""available_windows"": 3, ""name"": ""Sit To Stand""}, ""8"": {""available_windows"": 2, ""name"": ""Sit To Lie""}}"
hapt,loso_subject_28,28,11,False,12,12,"{""1"": {""available_windows"": 2, ""name"": ""Walking Upstairs""}, ""3"": {""available_windows"": 2, ""name"": ""Sitting""}, ""4"": {""available_windows"": 2, ""name"": ""Standing""}, ""6"": {""available_windows"": 2, ""name"": ""Stand To Sit""}, ""7"": {""available_windows"": 3, ""name"": ""Sit To Stand""}, ""8"": {""available_windows"": 2, ""name"": ""Sit To Lie""}}"
hapt,loso_subject_28,28,12,False,12,13,"{""1"": {""available_windows"": 2, ""name"": ""Walking Upstairs""}, ""3"": {""available_windows"": 2, ""name"": ""Sitting""}, ""4"": {""available_windows"": 2, ""name"": ""Standing""}, ""6"": {""available_windows"": 2, ""name"": ""Stand To Sit""}, ""7"": {""available_windows"": 3, ""name"": ""Sit To Stand""}, ""8"": {""available_windows"": 2, ""name"": ""Sit To Lie""}}"
hapt,loso_subject_28,28,13,False,12,14,"{""1"": {""available_windows"": 2, ""name"": ""Walking Upstairs""}, ""3"": {""available_windows"": 2, ""name"": ""Sitting""}, ""4"": {""available_windows"": 2, ""name"": ""Standing""}, ""6"": {""available_windows"": 2, ""name"": ""Stand To Sit""}, ""7"": {""available_windows"": 3, ""name"": ""Sit To Stand""}, ""8"": {""available_windows"": 2, ""name"": ""Sit To Lie""}}"
hapt,loso_subject_28,28,14,False,12,15,"{""1"": {""available_windows"": 2, ""name"": ""Walking Upstairs""}, ""3"": {""available_windows"": 2, ""name"": ""Sitting""}, ""4"": {""available_windows"": 2, ""name"": ""Standing""}, ""6"": {""available_windows"": 2, ""name"": ""Stand To Sit""}, ""7"": {""available_windows"": 3, ""name"": ""Sit To Stand""}, ""8"": {""available_windows"": 2, ""name"": ""Sit To Lie""}}"
hapt,loso_subject_28,28,15,False,12,16,"{""1"": {""available_windows"": 2, ""name"": ""Walking Upstairs""}, ""3"": {""available_windows"": 2, ""name"": ""Sitting""}, ""4"": {""available_windows"": 2, ""name"": ""Standing""}, ""6"": {""available_windows"": 2, ""name"": ""Stand To Sit""}, ""7"": {""available_windows"": 3, ""name"": ""Sit To Stand""}, ""8"": {""available_windows"": 2, ""name"": ""Sit To Lie""}}"
hapt,loso_subject_28,28,16,False,12,17,"{""1"": {""available_windows"": 2, ""name"": ""Walking Upstairs""}, ""3"": {""available_windows"": 2, ""name"": ""Sitting""}, ""4"": {""available_windows"": 2, ""name"": ""Standing""}, ""6"": {""available_windows"": 2, ""name"": ""Stand To Sit""}, ""7"": {""available_windows"": 3, ""name"": ""Sit To Stand""}, ""8"": {""available_windows"": 2, ""name"": ""Sit To Lie""}}"
hapt,loso_subject_29,29,0,True,12,1,{}
hapt,loso_subject_29,29,1,False,12,2,"{""1"": {""available_windows"": 1, ""name"": ""Walking Upstairs""}, ""3"": {""available_windows"": 1, ""name"": ""Sitting""}}"
hapt,loso_subject_29,29,2,False,12,3,"{""1"": {""available_windows"": 1, ""name"": ""Walking Upstairs""}, ""3"": {""available_windows"": 1, ""name"": ""Sitting""}, ""4"": {""available_windows"": 2, ""name"": ""Standing""}, ""6"": {""available_windows"": 2, ""name"": ""Stand To Sit""}, ""8"": {""available_windows"": 2, ""name"": ""Sit To Lie""}}"
hapt,loso_subject_29,29,3,False,12,4,"{""1"": {""available_windows"": 1, ""name"": ""Walking Upstairs""}, ""3"": {""available_windows"": 1, ""name"": ""Sitting""}, ""4"": {""available_windows"": 2, ""name"": ""Standing""}, ""6"": {""available_windows"": 2, ""name"": ""Stand To Sit""}, ""7"": {""available_windows"": 3, ""name"": ""Sit To Stand""}, ""8"": {""available_windows"": 2, ""name"": ""Sit To Lie""}}"
hapt,loso_subject_29,29,4,False,12,5,"{""1"": {""available_windows"": 1, ""name"": ""Walking Upstairs""}, ""3"": {""available_windows"": 1, ""name"": ""Sitting""}, ""4"": {""available_windows"": 2, ""name"": ""Standing""}, ""6"": {""available_windows"": 2, ""name"": ""Stand To Sit""}, ""7"": {""available_windows"": 3, ""name"": ""Sit To Stand""}, ""8"": {""available_windows"": 2, ""name"": ""Sit To Lie""}}"
hapt,loso_subject_29,29,5,False,12,6,"{""1"": {""available_windows"": 1, ""name"": ""Walking Upstairs""}, ""3"": {""available_windows"": 1, ""name"": ""Sitting""}, ""4"": {""available_windows"": 2, ""name"": ""Standing""}, ""6"": {""available_windows"": 2, ""name"": ""Stand To Sit""}, ""7"": {""available_windows"": 3, ""name"": ""Sit To Stand""}, ""8"": {""available_windows"": 2, ""name"": ""Sit To Lie""}}"
hapt,loso_subject_29,29,6,False,12,7,"{""1"": {""available_windows"": 1, ""name"": ""Walking Upstairs""}, ""3"": {""available_windows"": 1, ""name"": ""Sitting""}, ""4"": {""available_windows"": 2, ""name"": ""Standing""}, ""6"": {""available_windows"": 2, ""name"": ""Stand To Sit""}, ""7"": {""available_windows"": 3, ""name"": ""Sit To Stand""}, ""8"": {""available_windows"": 2, ""name"": ""Sit To Lie""}}"
hapt,loso_subject_29,29,7,False,12,8,"{""1"": {""available_windows"": 1, ""name"": ""Walking Upstairs""}, ""3"": {""available_windows"": 1, ""name"": ""Sitting""}, ""4"": {""available_windows"": 2, ""name"": ""Standing""}, ""6"": {""available_windows"": 2, ""name"": ""Stand To Sit""}, ""7"": {""available_windows"": 3, ""name"": ""Sit To Stand""}, ""8"": {""available_windows"": 2, ""name"": ""Sit To Lie""}}"
hapt,loso_subject_29,29,8,False,12,9,"{""1"": {""available_windows"": 1, ""name"": ""Walking Upstairs""}, ""3"": {""available_windows"": 1, ""name"": ""Sitting""}, ""4"": {""available_windows"": 2, ""name"": ""Standing""}, ""6"": {""available_windows"": 2, ""name"": ""Stand To Sit""}, ""7"": {""available_windows"": 3, ""name"": ""Sit To Stand""}, ""8"": {""available_windows"": 2, ""name"": ""Sit To Lie""}}"
hapt,loso_subject_29,29,9,False,12,10,"{""1"": {""available_windows"": 1, ""name"": ""Walking Upstairs""}, ""3"": {""available_windows"": 1, ""name"": ""Sitting""}, ""4"": {""available_windows"": 2, ""name"": ""Standing""}, ""6"": {""available_windows"": 2, ""name"": ""Stand To Sit""}, ""7"": {""available_windows"": 3, ""name"": ""Sit To Stand""}, ""8"": {""available_windows"": 2, ""name"": ""Sit To Lie""}}"
hapt,loso_subject_29,29,10,False,12,11,"{""1"": {""available_windows"": 1, ""name"": ""Walking Upstairs""}, ""3"": {""available_windows"": 1, ""name"": ""Sitting""}, ""4"": {""available_windows"": 2, ""name"": ""Standing""}, ""6"": {""available_windows"": 2, ""name"": ""Stand To Sit""}, ""7"": {""available_windows"": 3, ""name"": ""Sit To Stand""}, ""8"": {""available_windows"": 2, ""name"": ""Sit To Lie""}}"
hapt,loso_subject_29,29,11,False,12,12,"{""1"": {""available_windows"": 1, ""name"": ""Walking Upstairs""}, ""3"": {""available_windows"": 1, ""name"": ""Sitting""}, ""4"": {""available_windows"": 2, ""name"": ""Standing""}, ""6"": {""available_windows"": 2, ""name"": ""Stand To Sit""}, ""7"": {""available_windows"": 3, ""name"": ""Sit To Stand""}, ""8"": {""available_windows"": 2, ""name"": ""Sit To Lie""}}"
hapt,loso_subject_29,29,12,False,12,13,"{""1"": {""available_windows"": 1, ""name"": ""Walking Upstairs""}, ""3"": {""available_windows"": 1, ""name"": ""Sitting""}, ""4"": {""available_windows"": 2, ""name"": ""Standing""}, ""6"": {""available_windows"": 2, ""name"": ""Stand To Sit""}, ""7"": {""available_windows"": 3, ""name"": ""Sit To Stand""}, ""8"": {""available_windows"": 2, ""name"": ""Sit To Lie""}}"
hapt,loso_subject_29,29,13,False,12,14,"{""1"": {""available_windows"": 1, ""name"": ""Walking Upstairs""}, ""3"": {""available_windows"": 1, ""name"": ""Sitting""}, ""4"": {""available_windows"": 2, ""name"": ""Standing""}, ""6"": {""available_windows"": 2, ""name"": ""Stand To Sit""}, ""7"": {""available_windows"": 3, ""name"": ""Sit To Stand""}, ""8"": {""available_windows"": 2, ""name"": ""Sit To Lie""}}"
hapt,loso_subject_29,29,14,False,12,15,"{""1"": {""available_windows"": 1, ""name"": ""Walking Upstairs""}, ""3"": {""available_windows"": 1, ""name"": ""Sitting""}, ""4"": {""available_windows"": 2, ""name"": ""Standing""}, ""6"": {""available_windows"": 2, ""name"": ""Stand To Sit""}, ""7"": {""available_windows"": 3, ""name"": ""Sit To Stand""}, ""8"": {""available_windows"": 2, ""name"": ""Sit To Lie""}}"
hapt,loso_subject_29,29,15,False,12,16,"{""1"": {""available_windows"": 1, ""name"": ""Walking Upstairs""}, ""3"": {""available_windows"": 1, ""name"": ""Sitting""}, ""4"": {""available_windows"": 2, ""name"": ""Standing""}, ""6"": {""available_windows"": 2, ""name"": ""Stand To Sit""}, ""7"": {""available_windows"": 3, ""name"": ""Sit To Stand""}, ""8"": {""available_windows"": 2, ""name"": ""Sit To Lie""}}"
hapt,loso_subject_29,29,16,False,12,17,"{""1"": {""available_windows"": 1, ""name"": ""Walking Upstairs""}, ""3"": {""available_windows"": 1, ""name"": ""Sitting""}, ""4"": {""available_windows"": 2, ""name"": ""Standing""}, ""6"": {""available_windows"": 2, ""name"": ""Stand To Sit""}, ""7"": {""available_windows"": 3, ""name"": ""Sit To Stand""}, ""8"": {""available_windows"": 2, ""name"": ""Sit To Lie""}}"
